search_term,title,length,url,relevance
Albedo quest Princeps Cretaceus Princeps Cretaceus gameplay,Albedo AR40 Story Quest - Princeps Cretaceus Chapter [ENG DUB] | Genshin Impact,51:43,https://www.youtube.com/watch?v=pVGDSemCpmo,85.71428571428571
Albedo quest Princeps Cretaceus Princeps Cretaceus gameplay,The Princeps Cretaceus Chapter | Albedo's Story Quest | Genshin Impact,74:52,https://www.youtube.com/watch?v=Gljzz8ql3VI,85.71428571428571
Albedo quest Princeps Cretaceus Princeps Cretaceus gameplay,Genshin Impact | Albedo Story Quest | Princeps Cretaceus Chapter | HD Quality,88:35,https://www.youtube.com/watch?v=eEp-l18ClwA,85.71428571428571
Albedo quest Princeps Cretaceus Princeps Cretaceus gameplay,Genshin Impact - Albedo Story Quest / Princeps Cretaceus Chapter Act 1,85:50,https://www.youtube.com/watch?v=-5kt6AK0tfo,85.71428571428571
Albedo quest Princeps Cretaceus Princeps Cretaceus gameplay,Princeps Cretaceus || Albedo's Quest(02),8:11,https://www.youtube.com/watch?v=AqFnQ88Blok,85.71428571428571
Albedo quest Princeps Cretaceus Princeps Cretaceus gameplay,Albedo - Princeps Cretaceus Chapter: Act I,55:38,https://www.youtube.com/watch?v=v3_D8JbrTcM,71.42857142857143
Albedo quest Princeps Cretaceus Princeps Cretaceus gameplay,Albedo Story: Princeps Cretaceus Chapter: Act 1 - Traveler Observation Report | Genshin Impact,83:22,https://www.youtube.com/watch?v=wVS80jx9j_c,71.42857142857143
Albedo quest Princeps Cretaceus Princeps Cretaceus gameplay,Genshin Impact - Princeps Cretaceus Chapter: Act I Traveler Observation Report - Albedo Side Story,54:58,https://www.youtube.com/watch?v=c6G-21GkqLM,71.42857142857143
Albedo quest Princeps Cretaceus Princeps Cretaceus gameplay,Albedo’s Secret- Princeps Cretaceus Chapter: Act 1 | Genshin Impact,0:45,https://www.youtube.com/watch?v=CACaIPOZ_a8,71.42857142857143
Albedo quest Princeps Cretaceus Princeps Cretaceus gameplay,Princeps Cretaceus: Act 1 | Albedo's Character Story | Patch 1.2 | Genshin Impact,52:17,https://www.youtube.com/watch?v=7Y7Gdj8SIrU,71.42857142857143
Alhaitham quest Vultur Volans Vultur Volans gameplay,Alhaitham Story Quest Guide Walkthrough | Actual Gameplay | Vultur Volans | Genshin Impact 3.4,107:15,https://www.youtube.com/watch?v=hDRhLNfCbhE,100.0
Alhaitham quest Vultur Volans Vultur Volans gameplay,Vultur Volans: Part 3 - The Giga Jerk (Alhaitham Story Quest Act 1),40:18,https://www.youtube.com/watch?v=XNSwDSL5Fyk,85.71428571428571
Alhaitham quest Vultur Volans Vultur Volans gameplay,Ver 3.4 | Vultur Volans - Alhaitham Story Quest Walkthrough,88:16,https://www.youtube.com/watch?v=_dYCg8TsAGk,85.71428571428571
Alhaitham quest Vultur Volans Vultur Volans gameplay,[Genshin Impact] Alhaitham Story Quest - Vultur Volans Act 1 (The Ilusions of the Mob),129:41,https://www.youtube.com/watch?v=qQwiBd07Fks,85.71428571428571
Alhaitham quest Vultur Volans Vultur Volans gameplay,Genshin (Tamil) Alhaitham Story Quest Walkthrough - Vultur Volans Chapter,135:09,https://www.youtube.com/watch?v=m83D4lk0m7o,85.71428571428571
Alhaitham quest Vultur Volans Vultur Volans gameplay,Alhaitham Vultur Volans Full Story Quest,132:50,https://www.youtube.com/watch?v=24nKidt-pRo,85.71428571428571
Alhaitham quest Vultur Volans Vultur Volans gameplay,Alhaitham Story Quest |Vultur Volans Chapter.1:Act.1 |GENSHIN IMPACT,115:49,https://www.youtube.com/watch?v=40_-EvPeQWc,85.71428571428571
Alhaitham quest Vultur Volans Vultur Volans gameplay,Alhaitham story quest | Vultur Volans Chapter: Act 1,85:39,https://www.youtube.com/watch?v=lkpiB2lRyKg,85.71428571428571
Alhaitham quest Vultur Volans Vultur Volans gameplay,Alhaitham Story Quest Vultur Volans Chapter Act I | EU AR60,114:03,https://www.youtube.com/watch?v=BmN1_PskoZ8,85.71428571428571
Alhaitham quest Vultur Volans Vultur Volans gameplay,GENSHIN IMPACT | Vultur Volans | Act I - Illusions of the Mob | Alhaitham's Quest,105:28,https://www.youtube.com/watch?v=PJdP55Gsg3Q,85.71428571428571
Amber quest Lepus Lepus gameplay,"Amber Story Quest ""Lepus Chapter: Act I - Wind, Courage, and Wings""",40:15,https://www.youtube.com/watch?v=9llcXi2IIOg,80.0
Amber quest Lepus Lepus gameplay,"Lepus Chapter (Amber’s Quest): Act 1 - Wind, Courage, and Wings",37:01,https://www.youtube.com/watch?v=77l51qYMr-0,80.0
Amber quest Lepus Lepus gameplay,"Amber Story Quest | Lepus Chapter | Wind, Courage, and Wings | Genshin Impact",33:12,https://www.youtube.com/watch?v=bZL6nDsCxIw,80.0
Amber quest Lepus Lepus gameplay,Lepus Chapter : Act - 1 | Amber Story Quest,40:06,https://www.youtube.com/watch?v=k6_ma4JaR3o,80.0
Amber quest Lepus Lepus gameplay,"Amber Story Quest! Wind, Courage, and Wings | Lepus Chapter: Act I | Glide With the Wind  | Genshin",103:36,https://www.youtube.com/watch?v=Uk5zSNs1DBg,80.0
Amber quest Lepus Lepus gameplay,"Genshin Impact - AMBER STORY QUEST Lepus Chapter Act I - Wind, Courage, and Wings Part 5 Walkthrough",46:46,https://www.youtube.com/watch?v=LEsqcmXX5Eo,80.0
Amber quest Lepus Lepus gameplay,"[Story Quest] Amber - 5. Outrider Style - Lepus Act I: Wind, Courage, and Wings",8:25,https://www.youtube.com/watch?v=soDVQiXaJJ0,80.0
Amber quest Lepus Lepus gameplay,"Genshin Impact - How To Complete Amber Story Quest (Wind, Courage, And Wings) Lepus Chapter 1 Guide",15:18,https://www.youtube.com/watch?v=mJzKLlleN2o,80.0
Amber quest Lepus Lepus gameplay,"Genshin Impact -  Lepus Chapter (Amber), Act I: Wind, Courage, and Wings",22:36,https://www.youtube.com/watch?v=ra1R9tS_1us,60.0
Amber quest Lepus Lepus gameplay,Amber Story | Lepus Act I | English Audio | Genshin Impact | No Commentary,32:31,https://www.youtube.com/watch?v=4Pf5AYKg0f0,60.0
Arataki Itto quest Taurus Iracundus Taurus Iracundus gameplay,Arataki Itto Story Quest | Taurus Iracundus Chapter | Gameplay Walkthrough | Genshin Impact,82:25,https://www.youtube.com/watch?v=TSQTd3LwaO8,100.0
Arataki Itto quest Taurus Iracundus Taurus Iracundus gameplay,Itto Saves Takuya The Blue Oni Cutscene | Arataki Itto Story Quest | Taurus Iracundus Chapter,1:17,https://www.youtube.com/watch?v=UuL_HSkCo0o,87.5
Arataki Itto quest Taurus Iracundus Taurus Iracundus gameplay,Genshin Impact - (Arataki Itto) Main Story Quest - Taurus Iracundus Chapter: Act 1 Update 2.3,61:19,https://www.youtube.com/watch?v=gus489FW-Bs,87.5
Arataki Itto quest Taurus Iracundus Taurus Iracundus gameplay,Arataki Itto Story Quest Taurus Iracundus Chapter Act 1 Walkthrough,89:00,https://www.youtube.com/watch?v=nrS2yOZn0mM,87.5
Arataki Itto quest Taurus Iracundus Taurus Iracundus gameplay,Genshin Impact- Story Quest- Taurus Iracundus Chapter: Act I - Arataki Itto ( Part 3 of 3),50:47,https://www.youtube.com/watch?v=ry_-88I01ZA,87.5
Arataki Itto quest Taurus Iracundus Taurus Iracundus gameplay,Genshin Impact - Arataki Itto  - Taurus Iracundus  - Act 1 gameplay,94:54,https://www.youtube.com/watch?v=HOlMy1s3ghE,87.5
Arataki Itto quest Taurus Iracundus Taurus Iracundus gameplay,Genshin Impact- Story Quest-  Taurus Iracundus Chapter: Act I - Arataki Itto - ( Part 2 of 3),27:12,https://www.youtube.com/watch?v=V4s73M9lLJc,87.5
Arataki Itto quest Taurus Iracundus Taurus Iracundus gameplay,TAURUS IRACUNDUS CHAPTER ACT I ARATAKI ITTO STORY QUEST FULL,75:50,https://www.youtube.com/watch?v=qgVt-e8pJXg,87.5
Arataki Itto quest Taurus Iracundus Taurus Iracundus gameplay,Arataki Itto Story Quest Walkthrough Gameplay (Japanese Dub) | Genshin Impact,96:58,https://www.youtube.com/watch?v=sWJ8OFw88S8,50.0
Arataki Itto quest Taurus Iracundus Taurus Iracundus gameplay,"Itto Story Quest | Taurus Iracandus Chapter: Act 1 Rise Up, Golden Soul | Genshin Impact",80:24,https://www.youtube.com/watch?v=swvW9hAfSuw,50.0
Arlecchino quest Ignis Purgatorius Ignis Purgatorius gameplay,"Arlecchino's Story Quest, Ignis Purgatorius Chapter: Act 1",138:26,https://www.youtube.com/watch?v=D0SHlRJsaeQ,85.71428571428571
Arlecchino quest Ignis Purgatorius Ignis Purgatorius gameplay,Arlecchino's Story Quest || Ignis Purgatorius Full.,152:34,https://www.youtube.com/watch?v=B9ilMlrChdM,85.71428571428571
Arlecchino quest Ignis Purgatorius Ignis Purgatorius gameplay,Arlecchino Story Quest: Ignis Purgatorius | Genshin Impact CN Dub,123:52,https://www.youtube.com/watch?v=-EaXJM5Vi8Q,85.71428571428571
Arlecchino quest Ignis Purgatorius Ignis Purgatorius gameplay,"Arlecchino Story Quest ""Ignis Purgatorius Chapter - Act I: When the Hearth-Flame Goes Out""",154:13,https://www.youtube.com/watch?v=P4QrRy_3xIE,85.71428571428571
Arlecchino quest Ignis Purgatorius Ignis Purgatorius gameplay,Arlecchino Story Quest | Ignis Purgatorius Chapter: ACT 1 | Genshin Impact | 4K60,134:29,https://www.youtube.com/watch?v=2rbJE6xvAFo,85.71428571428571
Arlecchino quest Ignis Purgatorius Ignis Purgatorius gameplay,Paimon can eat a mountain! Arlecchino's Story Quest: Ignis Purgatorius ... | shifty_nivie on #Twitch,0:26,https://www.youtube.com/watch?v=8xIR18N8f2w,85.71428571428571
Arlecchino quest Ignis Purgatorius Ignis Purgatorius gameplay,The Knave Arlecchino Ignis Purgatorius Genshin Story Quest  #genshinimpact #twitch #genshin #shorts,0:36,https://www.youtube.com/watch?v=RerqlaB8NQ4,85.71428571428571
Arlecchino quest Ignis Purgatorius Ignis Purgatorius gameplay,Ignis Purgatorius: Arlecchino Story Quest Trailer! #shorts #genshinimpact #arlecchino,1:00,https://www.youtube.com/watch?v=ih24l7oPebw,85.71428571428571
Arlecchino quest Ignis Purgatorius Ignis Purgatorius gameplay,Arlecchino's Story quest - Ignis Purgatorius Chapter: Act 1 When the Hearth-Flame Goes out,133:34,https://www.youtube.com/watch?v=eugq5N9fsYQ,85.71428571428571
Arlecchino quest Ignis Purgatorius Ignis Purgatorius gameplay,[Character Story Quest Archive] Ignis Purgatorius Chapter - Act I (Arlecchino),144:29,https://www.youtube.com/watch?v=OhD_zFrNPL0,85.71428571428571
Baizhu quest Lagenaria Lagenaria gameplay,"Genshin 3.6 Character Quest - Baizhu, Lagenaria Chapter: Act 1 [No Commentary & Full Gameplay]",102:31,https://www.youtube.com/watch?v=YhfchmEuBww,100.0
Baizhu quest Lagenaria Lagenaria gameplay,"Baizhu Story Quest ""Lagenaria Chapter - Act I: The Heart of Healing""",103:54,https://www.youtube.com/watch?v=0goRSzH8gcU,80.0
Baizhu quest Lagenaria Lagenaria gameplay,Baizhu Story Quest Full Story 4K | The Heart of Healing Lagenaria Chapter: Act I Genshin Impact 3.6,96:45,https://www.youtube.com/watch?v=sQgzb9e9XTo,80.0
Baizhu quest Lagenaria Lagenaria gameplay,Baizhu Story Quest (Full Quest) Lagenaria Chapter Act 1 | Genshin Impact,98:50,https://www.youtube.com/watch?v=tH9Nkh5FpAY,80.0
Baizhu quest Lagenaria Lagenaria gameplay,Baizhu Story Quest (Full Quest) Lagenaria Chapter  Act 1 | Genshin Impact,89:35,https://www.youtube.com/watch?v=aMxkfAMWC0o,80.0
Baizhu quest Lagenaria Lagenaria gameplay,Genshin Impact 3.6 Special Program Recap | Baizhu Story Quest - Lagenaria Chapter: Act 1,0:12,https://www.youtube.com/watch?v=dYXKJYAX9A0,80.0
Baizhu quest Lagenaria Lagenaria gameplay,Baizhu Story Quest Full | Lagenaria Chapter: Act I The Heart of Healing | Genshin Impact,87:05,https://www.youtube.com/watch?v=ihzvs-aZqvo,80.0
Baizhu quest Lagenaria Lagenaria gameplay,Genshin Impact FULL Baizhu Story Quest | Lagenaria Chapter Act 1 The Heart of Healing,91:37,https://www.youtube.com/watch?v=ijhSEgLGMKg,80.0
Baizhu quest Lagenaria Lagenaria gameplay,[Character Quest] Baizhu Quest -  Lagenaria Chapter Act 1 - The Heart of Healing,99:28,https://www.youtube.com/watch?v=0-FwF_VdjwA,80.0
Baizhu quest Lagenaria Lagenaria gameplay,Baizhu Story Quest - The Heart of Healing (Lagenaria Chapter: Act 1),136:39,https://www.youtube.com/watch?v=Iz8ZRDBZaRs,80.0
Chiori quest Cisoria Cisoria gameplay,Chiori's Story Quest - Cisoria Chapter: Act I - Full Story Gameplay | Genshin Impact 4.5,104:46,https://www.youtube.com/watch?v=xyxT9E-TvuE,100.0
Chiori quest Cisoria Cisoria gameplay,Cisoria Chapter Chiori's Story Quest | Genshin Impact Story Quest Gameplay,91:56,https://www.youtube.com/watch?v=AFF8kqLeXe4,100.0
Chiori quest Cisoria Cisoria gameplay,Chiori Story Quest HD Complete | When They Talk About Tonight Cisoria Chapter Act I | Genshin Impact,96:36,https://www.youtube.com/watch?v=hlfwqux7cug,80.0
Chiori quest Cisoria Cisoria gameplay,Chiori's Story Quest Cisoria Chapter Genshin Impact  03|13|24,105:25,https://www.youtube.com/watch?v=rhmYJMmO7p4,80.0
Chiori quest Cisoria Cisoria gameplay,Full Chiori Story Quest Genshin Impact (Cisoria Chapter),98:19,https://www.youtube.com/watch?v=1kcba7ZYT_o,80.0
Chiori quest Cisoria Cisoria gameplay,"Chiori's Story Quest, Cisoria Chapter: Act 1",101:53,https://www.youtube.com/watch?v=-q76L3M1NKs,80.0
Chiori quest Cisoria Cisoria gameplay,Chiori Story Quest - Cisoria Chapter: Act 1 [FULL Dialogue + Cutscene] Genshin Impact,94:18,https://www.youtube.com/watch?v=5JXvSP-tst4,80.0
Chiori quest Cisoria Cisoria gameplay,Chiori Story Quest (Full Quest) Cisoria Chapter - When They Talk About Tonight | Genshin Impact 4.5,104:27,https://www.youtube.com/watch?v=_3riKUMJ9x0,80.0
Chiori quest Cisoria Cisoria gameplay,Chiori Story Quest | Cisoria Chapter: Act I,204:36,https://www.youtube.com/watch?v=grzh6lt0kTM,80.0
Chiori quest Cisoria Cisoria gameplay,Chiori Fashion Show Cutscene Animation | Story Quest Cisoria Chapter: Act I Ending | Genshin Impact,2:23,https://www.youtube.com/watch?v=ZSfOv9EHmH4,80.0
Clorinde quest Rapperia Rapperia gameplay,CLORINDE Story Quest: Rapperia Chapter: Act I - PART I (Gameplay) | Genshin Impact 4.7,10:41,https://www.youtube.com/watch?v=1q7ZA-aCwGk,100.0
Clorinde quest Rapperia Rapperia gameplay,"Clorinde story quest ""Rapperia Chapter Act 1"" | Genshin Imapct gameplay",130:37,https://www.youtube.com/watch?v=MNrNE_MXVg0,100.0
Clorinde quest Rapperia Rapperia gameplay,Clorinde Story Quest: Rapperia Act 1 Walkthrough (No Commentary),137:35,https://www.youtube.com/watch?v=HZ0stsv_KVM,80.0
Clorinde quest Rapperia Rapperia gameplay,Genshin Impact - Clorinde Story Quest - Rapperia Act 1: Silent Night,152:23,https://www.youtube.com/watch?v=8nOqkcZlI_Y,80.0
Clorinde quest Rapperia Rapperia gameplay,Genshin Impact - Clorinde Story Quest: Rapperia Chapter: Act One Silent Night (Full Game Play),133:58,https://www.youtube.com/watch?v=yj72fSBKaPY,80.0
Clorinde quest Rapperia Rapperia gameplay,Rapperia Chapter: Silent Night Act 1 (Clorinde Story Quest),134:25,https://www.youtube.com/watch?v=CdcvjE4VVP0,80.0
Clorinde quest Rapperia Rapperia gameplay,Clorinde Story Quest Rapperia Act.1 | Genshin Impact Walkthrough - JP Voice | 4K Ultrawide,137:34,https://www.youtube.com/watch?v=5O9rXjMOsQ4,80.0
Clorinde quest Rapperia Rapperia gameplay,"Clorinde Story Quest ""Rapperia Chapter - Act I: Silent Night""",151:39,https://www.youtube.com/watch?v=G0c7F7Ncq1Q,80.0
Clorinde quest Rapperia Rapperia gameplay,Clorinde Slays Dangerous Foe【STORY CUTSCENE】Rapperia Chapter Genshin Impact,3:10,https://www.youtube.com/watch?v=UXDctO3E8uE,60.0
Clorinde quest Rapperia Rapperia gameplay,El POEMA de FURINA ◈「 Extracto: Misión legendaria de Clorinde 」• Rapperia: Acto 1  GENSHIN IMPACT,2:41,https://www.youtube.com/watch?v=bD3z7i__B3Q,60.0
Cyno quest Lupus Aureus Lupus Aureus gameplay,SETHOS VERSUS CYNO Story Quest Lupus Aureus Chapter ACT 2 Full Gameplay,170:08,https://www.youtube.com/watch?v=RGTT63XTrD4,100.0
Cyno quest Lupus Aureus Lupus Aureus gameplay,Genshin Impact - Cyno Story Quest: Lupus Aureus Chapter: Act Two Oathkeeper (Full Game Play),159:40,https://www.youtube.com/watch?v=RSfx2KF02C4,85.71428571428571
Cyno quest Lupus Aureus Lupus Aureus gameplay,"Cyno, Story Quest Lupus Aureus Act 2: Oathkeeper (Part 1)",24:03,https://www.youtube.com/watch?v=JoloaDy3lmk,85.71428571428571
Cyno quest Lupus Aureus Lupus Aureus gameplay,Cyno & Traveler Escape Court Of Desolation Cutscene | Lupus Aureus Chapter Story Quest | Genshin 3.1,0:52,https://www.youtube.com/watch?v=3XjhaX4Sy48,85.71428571428571
Cyno quest Lupus Aureus Lupus Aureus gameplay,Genshin Impact 3.1 - Cyno Story Quest - Lupus Aureus Act 1,100:15,https://www.youtube.com/watch?v=gcVHdfFRvtk,85.71428571428571
Cyno quest Lupus Aureus Lupus Aureus gameplay,Cyno Story Quest Part 2 Complete | Oathkeeper With Sethos Lupus Aureus Chapter: Act 2 | Genshin 4.6,142:50,https://www.youtube.com/watch?v=u2yQrOZDnB0,85.71428571428571
Cyno quest Lupus Aureus Lupus Aureus gameplay,[Story Quest] Cyno Quest - Lupus Aureus Chapter Act 2: Oathkeeper,166:31,https://www.youtube.com/watch?v=-YSOtrPiH5Y,85.71428571428571
Cyno quest Lupus Aureus Lupus Aureus gameplay,Cyno Story Quest: Lupus Aureus: Act I Walkthrough (Eng),99:53,https://www.youtube.com/watch?v=tlmmyKkRT1s,85.71428571428571
Cyno quest Lupus Aureus Lupus Aureus gameplay,"Cyno's 2nd story Quest- ""Oathkeeper"" Lupus Aureus Chapter: Act 2 full walkthrough HD",151:26,https://www.youtube.com/watch?v=5PbibSPJb9M,85.71428571428571
Cyno quest Lupus Aureus Lupus Aureus gameplay,Lupus Aureus Chapter Act 1 - Sands of Solitude! | Genshin Impact - Cyno's Full Story Quest!,79:23,https://www.youtube.com/watch?v=HEy7L0bha_U,85.71428571428571
Dehya quest Mantichora Mantichora gameplay,DEHYA STORY QUEST (FULL GAMEPLAY) - Lionsblood Mantichora Chapter Act I,97:05,https://www.youtube.com/watch?v=irawprdo7Wg,100.0
Dehya quest Mantichora Mantichora gameplay,Genshin Impact: Dehya Story Quest - Mantichora Chapter - Update 3.5 - iOS Walkthrough Part 1108,101:18,https://www.youtube.com/watch?v=wYDXeamXshU,80.0
Dehya quest Mantichora Mantichora gameplay,Dehya Story Quest | Mantichora Chapter Act 1: Lionsblood Full Walkthrough | Genshin 3.5,110:00,https://www.youtube.com/watch?v=qLWcv6pQn6s,80.0
Dehya quest Mantichora Mantichora gameplay,"Dehya's Story Quest, Mantichora Chapter: Act 1 - Lionsblood [3.5]",88:36,https://www.youtube.com/watch?v=0iB1NzPatF0,80.0
Dehya quest Mantichora Mantichora gameplay,Dehya Story Quest Full | Lionsblood Mantichora Chapter: Act I Kusayla Backstory | Genshin Impact 3.5,90:27,https://www.youtube.com/watch?v=-CqTXO5xRcI,80.0
Dehya quest Mantichora Mantichora gameplay,Dehya Story Quest - Lionsblood - All Dialogue Options - Mantichora: Act I,104:16,https://www.youtube.com/watch?v=nRr4Nq7bTuE,80.0
Dehya quest Mantichora Mantichora gameplay,Genshin Impact - Dehya Story Quest Part 1 - Mantichora Chapter: Act 1 Lionsblood (PlayStation 5),56:59,https://www.youtube.com/watch?v=S-qmLN2EosU,80.0
Dehya quest Mantichora Mantichora gameplay,Dehya Story Quest: Mantichora Chapter: Act 1 Lionsblood | Genshin Impact 3.5,93:56,https://www.youtube.com/watch?v=8Y1cvd3xIE4,80.0
Dehya quest Mantichora Mantichora gameplay,[Character Story Quest] Dehya Story Quest - Mantichora Chapter Act 1: Lionsblood,111:49,https://www.youtube.com/watch?v=QlMj-QN8bBw,80.0
Dehya quest Mantichora Mantichora gameplay,Dehya Main Story Lionsblood Speed Run Guide | Mantichora Chapter: Act I Complete,32:00,https://www.youtube.com/watch?v=j9xCjRdWlmc,60.0
Diluc quest Noctua Noctua gameplay,Diluc Story Quest | Darknight Hero's Alibi | Noctua Chapter: Act 1 | Genshin Impact | Gameplay,50:35,https://www.youtube.com/watch?v=kP_cfm7Ngms,100.0
Diluc quest Noctua Noctua gameplay,Diluc Story Quest | Noctua Chapter: Act I | Darknight Hero's Alib,52:02,https://www.youtube.com/watch?v=VGrBznvMwwE,80.0
Diluc quest Noctua Noctua gameplay,"Diluc Story Quest ""Noctua Chapter: Act I - Darknight Hero's Alibi""",57:24,https://www.youtube.com/watch?v=TMMmr7BOEJA,80.0
Diluc quest Noctua Noctua gameplay,Genshin Impact | Story Quest - Noctua: Act I (Diluc),82:59,https://www.youtube.com/watch?v=4CpVB2h_fN0,80.0
Diluc quest Noctua Noctua gameplay,[Character Quest] Diluc Story Quest - Noctua Chapter Act 1 - Darknight Hero's Alibi,51:24,https://www.youtube.com/watch?v=T9uhoSHYMGY,80.0
Diluc quest Noctua Noctua gameplay,Noctua Chapter : Act - 1 | Diluc Story Quest,59:24,https://www.youtube.com/watch?v=TM_GhU960GI,80.0
Diluc quest Noctua Noctua gameplay,Diluc Story Quest - Ch Noctua,6:38,https://www.youtube.com/watch?v=sPlT0Agor1w,80.0
Diluc quest Noctua Noctua gameplay,Diluc's Story Quest | Noctua Chapter: Act I Darknight Hero's Alibi | Genshin Impact,47:14,https://www.youtube.com/watch?v=uayiR0a_pyg,80.0
Diluc quest Noctua Noctua gameplay,Noctua: Act 1 | Diluc's Character Story | Patch 1.0 | Genshin Impact,45:11,https://www.youtube.com/watch?v=djx6rfsLMRI,60.0
Diluc quest Noctua Noctua gameplay,Diluc Story | Noctua Act I | English Audio | Genshin Impact | No Commentary,49:12,https://www.youtube.com/watch?v=G79ikj4uvOM,60.0
Emilie quest Pomum de Ambra Pomum de Ambra gameplay,EMILIE Story Quest: Pomum de Ambra Chapter: Act I (FULL Gameplay) | Genshin Impact 4.8,123:09,https://www.youtube.com/watch?v=-wdcEpY1-gE,100.0
Emilie quest Pomum de Ambra Pomum de Ambra gameplay,Pomum de Ambra (Emilie Story Quest),63:27,https://www.youtube.com/watch?v=XvDPvtJV2NE,88.88888888888889
Emilie quest Pomum de Ambra Pomum de Ambra gameplay,Pomum de Ambra (Emilie Story Quest),5:41,https://www.youtube.com/watch?v=eL72IiSpWJw,88.88888888888889
Emilie quest Pomum de Ambra Pomum de Ambra gameplay,"Emilie Story Quest HD Complete | Floral Debt, Blood Due Pomum De Ambra Chapter: Act 1 | Genshin 4.8",117:45,https://www.youtube.com/watch?v=UyzJMwTr5ns,88.88888888888889
Emilie quest Pomum de Ambra Pomum de Ambra gameplay,POMUM DE AMBRA : ACT 1 EMILIE'S QUEST | WALKTHROUGH ☺️ #genshinimpact,90:36,https://www.youtube.com/watch?v=u1NxLnq57Dg,88.88888888888889
Emilie quest Pomum de Ambra Pomum de Ambra gameplay,[Full Guide] Emilie's Story Quest | Pomum de Ambra Chapter | Genshin Impact,140:59,https://www.youtube.com/watch?v=9tqOHdJAKpQ,88.88888888888889
Emilie quest Pomum de Ambra Pomum de Ambra gameplay,Bag.I Ch.Pomum de Ambra - Aroma Awal: Utang Bunga - [Emilie Story Quest],43:38,https://www.youtube.com/watch?v=FgQPzi-tsQo,88.88888888888889
Emilie quest Pomum de Ambra Pomum de Ambra gameplay,[Genshin Impact 108] Emilie's Story Quest - Pomum de Ambra Chapter Act 1,131:33,https://www.youtube.com/watch?v=h2z08uwJHh0,88.88888888888889
Emilie quest Pomum de Ambra Pomum de Ambra gameplay,[Genshin Impact] Pomum de Ambra Chapter: Act I (Emilie Story Quest),156:49,https://www.youtube.com/watch?v=qrB533ZTdzU,88.88888888888889
Emilie quest Pomum de Ambra Pomum de Ambra gameplay,"Pomum de Ambra Chapter: Act I - Floral Debt, Blood Due | Emilie Story Quest - Genshin Impact",143:44,https://www.youtube.com/watch?v=DYA-wJymhoQ,88.88888888888889
Eula quest Aphros Delos Aphros Delos gameplay,"Eula Story Quest Gameplay ""Aphros Delos Chapter Act 1"" The Spindrift Shall Never Return to the Sea",58:20,https://www.youtube.com/watch?v=9Z7vYtvf6Z4,100.0
Eula quest Aphros Delos Aphros Delos gameplay,Aphros Delos Chapter Act 1 Genshin Impact Eula Quest,63:39,https://www.youtube.com/watch?v=-wzHrKoNjfc,85.71428571428571
Eula quest Aphros Delos Aphros Delos gameplay,Eula Full Story Quest Genshin Impact - Aphros Delos Chapter Walkthrough,70:06,https://www.youtube.com/watch?v=Zda_8TGYZC8,85.71428571428571
Eula quest Aphros Delos Aphros Delos gameplay,EULA Story Quest - Aphros Delos Chapter Act 1 Walkthrough,66:17,https://www.youtube.com/watch?v=vEliOqZJ2ck,85.71428571428571
Eula quest Aphros Delos Aphros Delos gameplay,Eula Story Quest: Aphros Delos Chapter Act 1: The Spindrift Shall Never Return to the Sea,62:42,https://www.youtube.com/watch?v=9O2fk1xfIeY,85.71428571428571
Eula quest Aphros Delos Aphros Delos gameplay,Eula's Story Quest | Aphros Delos Chapter: Act I | Genshin Impact,67:47,https://www.youtube.com/watch?v=miWO09tG4ho,85.71428571428571
Eula quest Aphros Delos Aphros Delos gameplay,Eula Story Quest: Aphros Delos Act 1: The Spindrift Shall Never Return to the Sea [Genshin Impact],56:13,https://www.youtube.com/watch?v=I6yx5mnx07s,85.71428571428571
Eula quest Aphros Delos Aphros Delos gameplay,Aphros Delos Chapter:Act 1 ! Eula special story quest | @GenshinImpact,61:09,https://www.youtube.com/watch?v=5vYT5Hd5uSA,85.71428571428571
Eula quest Aphros Delos Aphros Delos gameplay,Eula Story Quest: Aphros Delos Chapter Act 1 (Genshin Impact),56:46,https://www.youtube.com/watch?v=qEScxN7dMsk,85.71428571428571
Eula quest Aphros Delos Aphros Delos gameplay,Genshin Impact - Eula Storyline Walkthrough (Aphros Delos Chapter) | FULL,67:41,https://www.youtube.com/watch?v=eBMVwb-6oak,71.42857142857143
Furina quest Animula Choragi Animula Choragi gameplay,[Genshin Impact 76] Furina's Story Quest - Animula Choragi,114:34,https://www.youtube.com/watch?v=9WDoFiqb6qQ,85.71428571428571
Furina quest Animula Choragi Animula Choragi gameplay,Furina Story Quest HD Complete | The Little Oceanid Animula Choragi Chapter: Act I | Genshin Impact,97:51,https://www.youtube.com/watch?v=2rjwU8pOC34,85.71428571428571
Furina quest Animula Choragi Animula Choragi gameplay,Furina Story Quest - Animula Choragi Chapter: Act 1 [FULL Dialogue + Cutscene] Genshin Impact,97:36,https://www.youtube.com/watch?v=KVmtk57PhUg,85.71428571428571
Furina quest Animula Choragi Animula Choragi gameplay,Furina Story Quest | Animula Choragi Chapter: Act I,133:33,https://www.youtube.com/watch?v=7rb4SmcKb8s,85.71428571428571
Furina quest Animula Choragi Animula Choragi gameplay,"Furina story quest - Animula Choragi Chapter: Act I - ""The Little Oceanid"" | Genshin Impact 4.2",96:45,https://www.youtube.com/watch?v=AyoCd6-sDDQ,85.71428571428571
Furina quest Animula Choragi Animula Choragi gameplay,Animula Choragi [FULL Furina Story Quest] | Genshin Impact,101:26,https://www.youtube.com/watch?v=l-YmnbtnlE4,85.71428571428571
Furina quest Animula Choragi Animula Choragi gameplay,Furina's Story Quest - Animula Choragi Chapter: Act I | Genshin Impact Lumine's POV,103:50,https://www.youtube.com/watch?v=8w1ogTYPSys,85.71428571428571
Furina quest Animula Choragi Animula Choragi gameplay,Furina Story Quest | Animula Choragi Chapter: ACT 1 | Genshin Impact,92:17,https://www.youtube.com/watch?v=3y3QGDPO7es,85.71428571428571
Furina quest Animula Choragi Animula Choragi gameplay,"Furina's Story Quest, Animula Choragi Chapter: Act 1 - ""The Little Oceanid"" [Genshin Impact][4.2]",99:52,https://www.youtube.com/watch?v=tpdYR-zC29k,85.71428571428571
Furina quest Animula Choragi Animula Choragi gameplay,Furina Story Quest Cutscenes | Animula Choragi | Chinese | 1440p | Genshin Impact 4.2,75:11,https://www.youtube.com/watch?v=pNH1UL3mTkw,85.71428571428571
Ganyu quest Sinae Unicornis Sinae Unicornis gameplay,Ganyu Story Quest - Sinae Unicornis (Raw Gameplay and Cutscenes),69:08,https://www.youtube.com/watch?v=YQmMzkFRIG4,100.0
Ganyu quest Sinae Unicornis Sinae Unicornis gameplay,"Ganyu Story Quest Gameplay ""Sinae Unicornis Chapter Act 1"" Sea of Clouds, Sea of People",50:46,https://www.youtube.com/watch?v=oSGlkO_TEI8,100.0
Ganyu quest Sinae Unicornis Sinae Unicornis gameplay,Ganyu's Story Quest - Sinae Unicornis - Genshin Impact - Gameplay Playthrough - #13,70:27,https://www.youtube.com/watch?v=_MQErsO62MI,100.0
Ganyu quest Sinae Unicornis Sinae Unicornis gameplay,Full Ganyu Story Quest Sinae Unicornis Chapter Genshin Impact,69:42,https://www.youtube.com/watch?v=V8shzP6zWCI,85.71428571428571
Ganyu quest Sinae Unicornis Sinae Unicornis gameplay,Sinae Unicornis Walkthrough - Ganyu Quest Genshin Impact,61:45,https://www.youtube.com/watch?v=AJN7Z4qw6iQ,85.71428571428571
Ganyu quest Sinae Unicornis Sinae Unicornis gameplay,Sinae Unicornis Chapter | Ganyu Story Quest | Genshin Impact,67:49,https://www.youtube.com/watch?v=cJU-KW4L5kk,85.71428571428571
Ganyu quest Sinae Unicornis Sinae Unicornis gameplay,Full Showcase Of Ganyu's Story Quest | Sinae Unicornis Chapter - Genshin Impact,62:07,https://www.youtube.com/watch?v=lOIbcUJsA1w,85.71428571428571
Ganyu quest Sinae Unicornis Sinae Unicornis gameplay,"Ganyu Story Quest: Sinae Unicornis Chapter - Act 1: Sea of Clouds, Sea of People  | Genshin Impact",62:12,https://www.youtube.com/watch?v=BLgxxZtfq-g,85.71428571428571
Ganyu quest Sinae Unicornis Sinae Unicornis gameplay,Genshin Impact Ganyu Full Story Quest | Sinae Unicornis Chapter,63:44,https://www.youtube.com/watch?v=TcRAfIAHhQ4,85.71428571428571
Ganyu quest Sinae Unicornis Sinae Unicornis gameplay,Ganyu AR40 Story Quest - Sinae Unicornis Chapter Act I [ENG DUB] | Genshin Impact,55:39,https://www.youtube.com/watch?v=EyLJLHR_dSI,85.71428571428571
Hu Tao quest Papilio Charontis Papilio Charontis gameplay,Hu Tao Story Quest (Papilio Charontis Chapter) Full Gameplay + Guide | Full Gameplay |,84:31,https://www.youtube.com/watch?v=lcHX7guurLc,100.0
Hu Tao quest Papilio Charontis Papilio Charontis gameplay,Hu Tao Story Quest - Papilio Charontis Gameplay - Genshin Impact Indonesia #3,62:01,https://www.youtube.com/watch?v=dLWkYunrveg,100.0
Hu Tao quest Papilio Charontis Papilio Charontis gameplay,Story Quest: Hu Tao \ Chapter: Papilio Charontis \ Act I: Yet the Butterfly Flutters Away,75:18,https://www.youtube.com/watch?v=MT6kzR3kWFg,87.5
Hu Tao quest Papilio Charontis Papilio Charontis gameplay,Genshin Impact HU TAO Quest Papilio Charontis Walkthrough,85:30,https://www.youtube.com/watch?v=Ox7NawVGsOo,87.5
Hu Tao quest Papilio Charontis Papilio Charontis gameplay,Hu Tao Story Quest - Papilio Charontis Chapter: Act 1 (JP Dub) - Genshin Impact,74:17,https://www.youtube.com/watch?v=Xoen4wQ5bNc,87.5
Hu Tao quest Papilio Charontis Papilio Charontis gameplay,Hu Tao Story Quest (Papilio Charontis Chapter) Puzzle Walkthrough,1:04,https://www.youtube.com/watch?v=AN3XH6eq3Lk,87.5
Hu Tao quest Papilio Charontis Papilio Charontis gameplay,Genshin Impact - Hu Tao Story Quest / Papilio Charontis Chapter ACT 1,81:58,https://www.youtube.com/watch?v=TiPCUP_gBXM,87.5
Hu Tao quest Papilio Charontis Papilio Charontis gameplay,"Hu Tao Story Quest 👻 Papilio Charontis Act 1 ""border"" Domain 👻",26:59,https://www.youtube.com/watch?v=mgOoDufhgG4,87.5
Hu Tao quest Papilio Charontis Papilio Charontis gameplay,Genshim Impact - Story Quests - HU TAO - Papilio Charontis - Act 1 - Walkthrough LIVE,143:23,https://www.youtube.com/watch?v=aszGtZuMfDU,87.5
Hu Tao quest Papilio Charontis Papilio Charontis gameplay,Hu Tao Story | Papilio Charontis Chapter I | English Voice | Genshin Impact | No Commentary,73:46,https://www.youtube.com/watch?v=OY6YqPBjW6U,75.0
Jean quest Leo Minor Leo Minor gameplay,"Jean Story Quest Gameplay ""Leo Minor Chapter Act 1"" Master's Day Off",43:41,https://www.youtube.com/watch?v=DBW2m90ifNw,100.0
Jean quest Leo Minor Leo Minor gameplay,Leo Minor Chapter : Act I - Genshin Impact Jean Story Quest Gameplay (No Commentary),41:28,https://www.youtube.com/watch?v=zQmZ9-7aF4k,100.0
Jean quest Leo Minor Leo Minor gameplay,Master’s Day Off | Leo Minor Jean Quest Gameplay No Commentary,52:26,https://www.youtube.com/watch?v=W_yaRAwYF9s,100.0
Jean quest Leo Minor Leo Minor gameplay,Leo Minor Chapter Act 1 Jean Gameplay Genshin Impact,55:00,https://www.youtube.com/watch?v=ZZkkkpLG7M0,85.71428571428571
Jean quest Leo Minor Leo Minor gameplay,"Jean Story Quest ""Leo Minor Chapter - Act I: Master's Day Off""",108:38,https://www.youtube.com/watch?v=QzJXK0NNub8,85.71428571428571
Jean quest Leo Minor Leo Minor gameplay,Story Quest Jean - Leo Minor Chapter : Act I | Genshin Impact,47:41,https://www.youtube.com/watch?v=d9M9nL1o5vM,85.71428571428571
Jean quest Leo Minor Leo Minor gameplay,Jean Story Quest - Masters Day Off Part 3 -  Leo Minor Chapter Act 1 Genshin Impact,22:45,https://www.youtube.com/watch?v=14WZytGuOXw,85.71428571428571
Jean quest Leo Minor Leo Minor gameplay,JEAN STORY QUEST: Leo Minor Chapter: Act I Full Walkthrough,54:37,https://www.youtube.com/watch?v=vrr5_jpKVJQ,85.71428571428571
Jean quest Leo Minor Leo Minor gameplay,Jean Story Quest | Leo Minor Chapter: Act I | Master's Day Off,50:45,https://www.youtube.com/watch?v=BPJhM-tl0dA,85.71428571428571
Jean quest Leo Minor Leo Minor gameplay,Jean Story Quest : Leo Minor Chapter Act 1 Completion,1:28,https://www.youtube.com/watch?v=S9LLXop8F8o,85.71428571428571
Kaedehara Kazuha quest Acer Palmatum Acer Palmatum gameplay,Genshin Impact Gameplay : Kaedehara Kazuha - Story Quest : Acer Palmatum Chapter act 1,87:15,https://www.youtube.com/watch?v=_LWJ4PwVlZA,100.0
Kaedehara Kazuha quest Acer Palmatum Acer Palmatum gameplay,Genshin Impact  - Part 65 | Acer Palmatum Chapter - Kaedehara Kazuha Story Quest | 4K60FPS,27:54,https://www.youtube.com/watch?v=tQOEpL8dAIU,87.5
Kaedehara Kazuha quest Acer Palmatum Acer Palmatum gameplay,Kaedehara Kazuha Story Quest Part 1 | Acer Palmatum Chapter,79:02,https://www.youtube.com/watch?v=8TC4-xIV1Vs,87.5
Kaedehara Kazuha quest Acer Palmatum Acer Palmatum gameplay,"Kaedehara Kazuha's Story Quest｜Acer Palmatum Chapter Act I, A Strange and Friendless Road ｜ Genshin",87:13,https://www.youtube.com/watch?v=czQOnvul2LA,87.5
Kaedehara Kazuha quest Acer Palmatum Acer Palmatum gameplay,Genshin Impact - Kaedehara Kazuha Story Quest - Acer Palmatum Chapter: Act 1 (All Cutscenes),83:56,https://www.youtube.com/watch?v=dSMDDbQXt3k,87.5
Kaedehara Kazuha quest Acer Palmatum Acer Palmatum gameplay,Genshin Impact  - Part 64 | Acer Palmatum Chapter - Kaedehara Kazuha Story Quest | 4K60FPS,54:06,https://www.youtube.com/watch?v=eUd_suJizv0,87.5
Kaedehara Kazuha quest Acer Palmatum Acer Palmatum gameplay,"Kaedehara Kazuha’s Story Quest Walkthrough l ""Acer Palmatum Act - 1"" l Genshin Impact",91:39,https://www.youtube.com/watch?v=f0czSnzK8hU,87.5
Kaedehara Kazuha quest Acer Palmatum Acer Palmatum gameplay,Kaedehara Kazuha Story Quest Acer Palmatum Chapter I,91:39,https://www.youtube.com/watch?v=1Oz9Yi-A1v4,87.5
Kaedehara Kazuha quest Acer Palmatum Acer Palmatum gameplay,"[Character Story Quest] Kaedehara Kazuha, Acer Palmatum Chapter 1.",107:30,https://www.youtube.com/watch?v=voZjEIuRB5E,87.5
Kaedehara Kazuha quest Acer Palmatum Acer Palmatum gameplay,"Acer Palmatum Chapter: Act I (Full Kazuha Story Quest) 【ENG, LUMINE】",91:20,https://www.youtube.com/watch?v=yIrBF6mFolQ,75.0
Kaeya quest Pavo Ocellus Pavo Ocellus gameplay,Genshin Impact Pavo Ocellus Chapter Act 1 Secret Pirate Treasure Kaeya Quest Gameplay No Commentary,6:14,https://www.youtube.com/watch?v=rIXwPyV876M,100.0
Kaeya quest Pavo Ocellus Pavo Ocellus gameplay,Genshin Impact Gameplay - Secret Pirate Treasure - Pavo Ocellus Chapter Act I (Kaeya) - Story Quests,57:31,https://www.youtube.com/watch?v=LZKd4zbC7TE,100.0
Kaeya quest Pavo Ocellus Pavo Ocellus gameplay,Pavo Ocellus Chapter:Kaeya Quest: Episode 4,27:06,https://www.youtube.com/watch?v=ZAM8yv19CWs,85.71428571428571
Kaeya quest Pavo Ocellus Pavo Ocellus gameplay,(Quest Story Kaeya) Pavo Ocellus Chapter: Act I Secret Pirate Treasure [SUB+DUB ENG],19:46,https://www.youtube.com/watch?v=3f3ImOGZTe4,85.71428571428571
Kaeya quest Pavo Ocellus Pavo Ocellus gameplay,[Character Quest] Kaeya Quest - Pavo Ocellus Chapter: Act 1 - Secret Pirate Treasure,39:03,https://www.youtube.com/watch?v=mfKjR87iMeU,85.71428571428571
Kaeya quest Pavo Ocellus Pavo Ocellus gameplay,"Kaeya Story Quest ""Pavo Ocellus Chapter: Act I - Secret Pirate Treasure""",41:47,https://www.youtube.com/watch?v=wujT35IsX88,85.71428571428571
Kaeya quest Pavo Ocellus Pavo Ocellus gameplay,Story Quest: Kaeya - Chapter: Pavo Ocellus / Act I: Secret Pirate Treasure,29:42,https://www.youtube.com/watch?v=MrvhlPn5Zm4,85.71428571428571
Kaeya quest Pavo Ocellus Pavo Ocellus gameplay,Pavo Ocellus Chapter (Kaeya’s Quest): Act 1 - Secret Pirate Treasure,36:43,https://www.youtube.com/watch?v=EQJjjndNu5w,85.71428571428571
Kaeya quest Pavo Ocellus Pavo Ocellus gameplay,(Kaeya Side Quest)  Pavo Ocellus  Chapter Act I Secret Pirate Treasure Genshin Impact】Complete Run,34:38,https://www.youtube.com/watch?v=yJiLhR90NbA,85.71428571428571
Kaeya quest Pavo Ocellus Pavo Ocellus gameplay,Pavo Ocellus Chapter : Act - 1 | Kaeya story quest,39:32,https://www.youtube.com/watch?v=AHCM5A-H9p0,85.71428571428571
Kamisato Ayaka quest Grus Nivis Grus Nivis gameplay,Kamisato Ayaka's Story Quest Grus Nivis Chapter: Act I Walkthrough Gameplay Part 1 (Japanese Dub),48:16,https://www.youtube.com/watch?v=2djtlP4VIdA,100.0
Kamisato Ayaka quest Grus Nivis Grus Nivis gameplay,Kamisato Ayaka's Story Quest Grus Nivis Chapter: Act I Walkthrough Gameplay Part 2 (Japanese Dub),38:53,https://www.youtube.com/watch?v=gFLAr1ggPT8,100.0
Kamisato Ayaka quest Grus Nivis Grus Nivis gameplay,[Gameplay] Kamisato Ayaka's Story Quest Grus Nivis Chapter,80:33,https://www.youtube.com/watch?v=Ivo0-k0uMd8,100.0
Kamisato Ayaka quest Grus Nivis Grus Nivis gameplay,Kamisato Ayaka Story Quest - Grus Nivis Chapter Act 1 The Whispers of the Crane and the White Rabbit,144:49,https://www.youtube.com/watch?v=MJaPvuQcY44,87.5
Kamisato Ayaka quest Grus Nivis Grus Nivis gameplay,Grus Nivis I Kamisato Ayaka's Quest Chapter I,85:22,https://www.youtube.com/watch?v=wyErfiDxU5M,87.5
Kamisato Ayaka quest Grus Nivis Grus Nivis gameplay,Story Quest (Kamisato Ayaka) Chapter:Grus Nivis\Act I:The Whispers of the Crane and the White Rabbit,80:43,https://www.youtube.com/watch?v=FDJXceBMimI,87.5
Kamisato Ayaka quest Grus Nivis Grus Nivis gameplay,Genshin Impact Kamisato Ayaka Grus Nivis Story Quest Walkthrough HD | Japan Dub,80:16,https://www.youtube.com/watch?v=HWYUvrGTR5s,87.5
Kamisato Ayaka quest Grus Nivis Grus Nivis gameplay,Kamisato Ayaka's Story Quest Grus Nivis Act I | Genshin Impact,61:31,https://www.youtube.com/watch?v=sf30jTPSGtc,87.5
Kamisato Ayaka quest Grus Nivis Grus Nivis gameplay,Kamisato Ayaka's Story Quest - Grus Nivis Chapter: Act 1 - Genshin Impact v2.0,70:21,https://www.youtube.com/watch?v=phFsOcwlc9E,87.5
Kamisato Ayaka quest Grus Nivis Grus Nivis gameplay,Ayaka Kamisato Story Quest Grus Nivis Chapter: Act 1 The Whispers Of The Crane And The White Rabbit,83:42,https://www.youtube.com/watch?v=vt1y8sMJuFM,87.5
Kamisato Ayato quest Cypressus Custos Cypressus Custos gameplay,Genshin Impact 2.6 - Kamisato Ayato Story Quests: Cypressus Custos Chapter (Gameplay walkthrough),81:01,https://www.youtube.com/watch?v=pmbiSiTjdTI,100.0
Kamisato Ayato quest Cypressus Custos Cypressus Custos gameplay,Cypressus Custos Chapter: Act I || Kamisato Ayato Story Quest|| Full complete Guide.,92:59,https://www.youtube.com/watch?v=nARRRQSYGto,87.5
Kamisato Ayato quest Cypressus Custos Cypressus Custos gameplay,Kamisato Ayato Story Quest: Cypressus Custos Chapter Act 1 - The Firmiana Leaf Falls,91:28,https://www.youtube.com/watch?v=gVzVDaHh-ZA,87.5
Kamisato Ayato quest Cypressus Custos Cypressus Custos gameplay,Genshin Impact - Kamisato Ayato Story Quest - Cypressus Custos Chp. 1,82:46,https://www.youtube.com/watch?v=XwzeiztIq50,87.5
Kamisato Ayato quest Cypressus Custos Cypressus Custos gameplay,Genshin Impact  - Part 63 | Cypressus Custos Chapter - Kamisato Ayato Story Quest | 4K60FPS,30:27,https://www.youtube.com/watch?v=CONqj_ffugo,87.5
Kamisato Ayato quest Cypressus Custos Cypressus Custos gameplay,[Easy Guide] Kamisato Ayato Story Quest | Cypressus Custos Chapter: Act 1 | Genshin Impact,100:33,https://www.youtube.com/watch?v=n-kGidW1ABk,87.5
Kamisato Ayato quest Cypressus Custos Cypressus Custos gameplay,Kamisato Ayato Story Quest Cypressus Custos Chapter: Act 1 - The Firmiana Leaf Falls | #Genshin V2.6,73:54,https://www.youtube.com/watch?v=ScOeDKPIC7w,87.5
Kamisato Ayato quest Cypressus Custos Cypressus Custos gameplay,[JP DUB] Kamisato Ayato Story Quest | Cypressus Custos Chapter Act 1 - Genshin Impact,107:25,https://www.youtube.com/watch?v=9UtaYXzV0q8,87.5
Kamisato Ayato quest Cypressus Custos Cypressus Custos gameplay,Cypressus Custos Chapter — The Firmiana Leaf Falls (Kamisato Ayato's Story Quest) | Genshin Impact,92:49,https://www.youtube.com/watch?v=XJidQJ6Nx6A,87.5
Kamisato Ayato quest Cypressus Custos Cypressus Custos gameplay,Cypressus Custos Chapter 1 - Kamisato Ayato's Full Story Quest! | Genshin Impact,80:26,https://www.youtube.com/watch?v=Q4voSTeokms,87.5
Klee quest Trifolium Trifolium gameplay,Trifolium Chapter : Act I - Genshin Impact Klee Story Quest Gameplay (No Commentary),26:25,https://www.youtube.com/watch?v=DWdniJeudZU,100.0
Klee quest Trifolium Trifolium gameplay,Klee's Story Quest - Trifolium: Act I Full Gameplay | Genshin Impact Lumine's POV,63:49,https://www.youtube.com/watch?v=kIZEt93BSgc,100.0
Klee quest Trifolium Trifolium gameplay,"Genshin Impact | Klee's Story Quest / Trifolium Chapter 1 | PlayStation 5 Gameplay, Let's Play",52:37,https://www.youtube.com/watch?v=wCcCPLzgKdk,100.0
Klee quest Trifolium Trifolium gameplay,Genshin Impact gameplay Klee quest: The Trifolium Chapter,15:43,https://www.youtube.com/watch?v=CpCKa6deNpU,100.0
Klee quest Trifolium Trifolium gameplay,Genshin Impact - Trifolium Chapter: Act I - Klee Quest,45:08,https://www.youtube.com/watch?v=ZfwvmdpBJXE,80.0
Klee quest Trifolium Trifolium gameplay,Klee's Story Quest: Trifolium Chapter Act 1 Genshin Impact,32:00,https://www.youtube.com/watch?v=pJr0q4XWl3U,80.0
Klee quest Trifolium Trifolium gameplay,Klee AR32 Story Quest - Trifolium Chapter Act I [ENG DUB] | Genshin Impact,26:46,https://www.youtube.com/watch?v=wi5zj6w_FI0,80.0
Klee quest Trifolium Trifolium gameplay,Klee's Story Quest (Trifolium Chapter Act 1) - Genshin Impact,27:35,https://www.youtube.com/watch?v=Xkq0ZvSKqsE,80.0
Klee quest Trifolium Trifolium gameplay,"Klee Story Quest ""Trifolium Chapter: Act I -True Treasure""",31:54,https://www.youtube.com/watch?v=UO9D3PeyB4M,80.0
Klee quest Trifolium Trifolium gameplay,Klee Story Quest Clean Version Full Length | Trifolium Chapter: Act I True Treasure | Genshin Impact,17:53,https://www.youtube.com/watch?v=9-9hP4o5ADo,80.0
Lisa quest Tempus Fugit Tempus Fugit gameplay,"GENSHIN IMPACT - Tempus Fugit Lisa's Quest ""GAMEPLAY""",35:00,https://www.youtube.com/watch?v=MJ7OWtJY49c,100.0
Lisa quest Tempus Fugit Tempus Fugit gameplay,"GENSHIN IMPACT - Tempus Fugit Lisa's Quest ""GAMEPLAY""",0:53,https://www.youtube.com/watch?v=u0aek0Uo3UI,100.0
Lisa quest Tempus Fugit Tempus Fugit gameplay,[Character Quest] Lisa Quest - Tempus Fugit Chapter: Act 1 - Troublesome Work,30:56,https://www.youtube.com/watch?v=4zoUnHkENq8,85.71428571428571
Lisa quest Tempus Fugit Tempus Fugit gameplay,Story Quest Lisa - Tempus Fugit Chapter: Act 1 - Troublesome Work,27:44,https://www.youtube.com/watch?v=6O05XQ4XzUE,85.71428571428571
Lisa quest Tempus Fugit Tempus Fugit gameplay,"GENSHIN IMPACT - Tempus Fugit Lisa's Quest ""BUOD""",3:51,https://www.youtube.com/watch?v=HgWzVtZT8Lg,85.71428571428571
Lisa quest Tempus Fugit Tempus Fugit gameplay,Story Quest: Lisa \ Chapter: Tempus Fugit \ Act I: Troublesome Work,30:01,https://www.youtube.com/watch?v=j55gNwMPWaI,85.71428571428571
Lisa quest Tempus Fugit Tempus Fugit gameplay,Genshin Impact - LISA STORY QUEST Tempus Fugit Chapter Act I - Troublesome Work Part 7 Walkthrough,44:10,https://www.youtube.com/watch?v=1Ce6i0QeD_8,85.71428571428571
Lisa quest Tempus Fugit Tempus Fugit gameplay,(Lisa Story Quest)  Tempus Fugit Act 1  Troublesome Work 【Genshin Impact】,41:17,https://www.youtube.com/watch?v=N3xDWYJ_3qM,85.71428571428571
Lisa quest Tempus Fugit Tempus Fugit gameplay,"Lisa Story Quest ""Tempus Fugit Chapter - Act I: Troublesome Work""",27:40,https://www.youtube.com/watch?v=AlXHShhjPbM,85.71428571428571
Lisa quest Tempus Fugit Tempus Fugit gameplay,Lisa Story Quest - Ch Tempus Fugit,30:48,https://www.youtube.com/watch?v=RlVFQNG_D1o,85.71428571428571
Lyney quest Felis Fuscus Felis Fuscus gameplay,[Character Quest] Lyney Quest - Felis Fuscus Chapter Act 1 Part 3 - The Truest Thing,41:01,https://www.youtube.com/watch?v=rUMz4F3-6hQ,85.71428571428571
Lyney quest Felis Fuscus Felis Fuscus gameplay,Lyney's Character Quest (Felis Fuscus Chapter) Full Playthrough | Genshin Impact,141:35,https://www.youtube.com/watch?v=ykgVGsln0KI,85.71428571428571
Lyney quest Felis Fuscus Felis Fuscus gameplay,Lyney Story Quest HD Complete | The Forgotten Thief Felis Fuscus Chapter: Act I | Genshin Impact 4.0,108:43,https://www.youtube.com/watch?v=2exVX0BzWYU,85.71428571428571
Lyney quest Felis Fuscus Felis Fuscus gameplay,Felis Fuscus Chapter: Act I - Lyney's Story Quest | Genshin Impact Lumine's POV,126:25,https://www.youtube.com/watch?v=kxpFqIsixUo,85.71428571428571
Lyney quest Felis Fuscus Felis Fuscus gameplay,[Character Quest] Lyney Quest - Felis Fuscus Chapter Act 1 Part 1 - The Phantom Thief's Reappearance,29:35,https://www.youtube.com/watch?v=Jht3kVk6-Lk,85.71428571428571
Lyney quest Felis Fuscus Felis Fuscus gameplay,Lyney Story Quest Full 4K 60FPS | The Forgotten Thief | Felis Fuscus Chapter: Act 1 | Genshin Impact,111:34,https://www.youtube.com/watch?v=Ws89KJGZ0X0,85.71428571428571
Lyney quest Felis Fuscus Felis Fuscus gameplay,[Character Quest] Lyney Quest - Felis Fuscus Chapter Act 1 Part 4 - The Interview,5:14,https://www.youtube.com/watch?v=zpNyw_d6Fv8,85.71428571428571
Lyney quest Felis Fuscus Felis Fuscus gameplay,"Lyney's Story Quest, Felis Fuscus Chapter: Act 1 - The Forgotten Thief [Genshin Impact][4.0]",107:29,https://www.youtube.com/watch?v=1QrSr6Tx3-s,85.71428571428571
Lyney quest Felis Fuscus Felis Fuscus gameplay,Lyney Story Quest Felis Fuscus Chapter Act 1,113:57,https://www.youtube.com/watch?v=ZjVlruamKMQ,85.71428571428571
Lyney quest Felis Fuscus Felis Fuscus gameplay,"Lyney, Story Quest Felis Fuscus Act 1: The Forgotten Thief",44:09,https://www.youtube.com/watch?v=XVhXAqe2jpc,85.71428571428571
Mavuika quest Sol Invictus Sol Invictus gameplay,MAVUIKA Story Quest [edited] ▢ As the Blazing Sun [Sol Invictus Chapter] #genshin,100:01,https://www.youtube.com/watch?v=oNCAf7GCtuE,85.71428571428571
Mavuika quest Sol Invictus Sol Invictus gameplay,[4K] Mavuika Story Quest - Sol Invictus Chapter Part 1 - Genshin Impact,58:22,https://www.youtube.com/watch?v=lB2YIi5e-rg,85.71428571428571
Mavuika quest Sol Invictus Sol Invictus gameplay,Mavuika Story Quest Sol Invictus Act 1: As the Blazing Sun Lumine Pov 1440p,118:09,https://www.youtube.com/watch?v=ofIQo0q7DKI,85.71428571428571
Mavuika quest Sol Invictus Sol Invictus gameplay,"Mavuika's Story Quest, Sol Invictus Chapter: Act 1",128:14,https://www.youtube.com/watch?v=pHvsQkr-cOk,85.71428571428571
Mavuika quest Sol Invictus Sol Invictus gameplay,Mavuika Story Quest Sol Invictus Chapter Act 1 Genshin Imapct playthrough,122:14,https://www.youtube.com/watch?v=_PYILRWvtZc,85.71428571428571
Mavuika quest Sol Invictus Sol Invictus gameplay,Genshin Impact 5.3: Mavuika Story Quest Sol Invictus Act 1,106:06,https://www.youtube.com/watch?v=Z1IJOF6EMf8,85.71428571428571
Mavuika quest Sol Invictus Sol Invictus gameplay,Mavuika's Story Quest — Sol Invictus Chapter (No teleporting!),159:01,https://www.youtube.com/watch?v=EtV1mubp7os,85.71428571428571
Mavuika quest Sol Invictus Sol Invictus gameplay,As the Blazing Sun - Mavuika's quest - Sol Invictus Act Chapter 1,129:29,https://www.youtube.com/watch?v=YdciVT27goM,85.71428571428571
Mavuika quest Sol Invictus Sol Invictus gameplay,Genshin Impact | Sol Invictus Chapter | Mavuika Story Quest | 4K No commentary.,124:43,https://www.youtube.com/watch?v=LSTCyni-k5o,85.71428571428571
Mavuika quest Sol Invictus Sol Invictus gameplay,Mavuika Story Quest 1 | Sol Invictus Chapter: Act I (Genshin Impact),171:03,https://www.youtube.com/watch?v=dWiivMrmxPU,85.71428571428571
Mona quest Astrolabos Astrolabos gameplay,Astrolabos Chapter : Act I - Genshin Impact Mona Story Quest Gameplay (No Commentary),32:54,https://www.youtube.com/watch?v=aMT_eW5Jkk0,100.0
Mona quest Astrolabos Astrolabos gameplay,Mona Story Quest Astrolabos Chapter Act 1 'Beyond This World's Stars Land' All Cutscene Gameplay,33:39,https://www.youtube.com/watch?v=oaL3YFWLOQ4,100.0
Mona quest Astrolabos Astrolabos gameplay,Mona Story Quest: Astrolabos Act I: Chapter 1 Part 1 of 2 Genshin Impact EndSource Gaming Gameplay,92:26,https://www.youtube.com/watch?v=VhGFKZQUFyw,100.0
Mona quest Astrolabos Astrolabos gameplay,Mona's Story Quest: Astrolabos Chapter  (Genshin Impact Gameplay),35:46,https://www.youtube.com/watch?v=M11TAmOpwHk,100.0
Mona quest Astrolabos Astrolabos gameplay,Mona Story Quest: Astrolabos Act I: Chapter 1 Part 2 of 2 Genshin Impact EndSource Gaming Gameplay,33:26,https://www.youtube.com/watch?v=zudCorrHiNM,100.0
Mona quest Astrolabos Astrolabos gameplay,Astrolabos Chapter Walkthrough - New Quest of Mona - GENSHIN IMPACT,40:00,https://www.youtube.com/watch?v=FjdtKLvObX8,80.0
Mona quest Astrolabos Astrolabos gameplay,Story Quest: Mona / Chapter: Astrolabos / Act I: Beyond This World's Stars,41:34,https://www.youtube.com/watch?v=9ag1zXaJMpA,80.0
Mona quest Astrolabos Astrolabos gameplay,Genshin Impact  - Part 43 | Astrolabos Chapter - Mona Story Quest | 4K60FPS,34:25,https://www.youtube.com/watch?v=69ErH0TuJ6M,80.0
Mona quest Astrolabos Astrolabos gameplay,Genshin Impact The Astrolabos Chapter quest guide mona,39:37,https://www.youtube.com/watch?v=55GLhUY_VqM,80.0
Mona quest Astrolabos Astrolabos gameplay,[Genshin Impact] Side Quest Mona Astrolabos,45:13,https://www.youtube.com/watch?v=leCweCzytX4,80.0
Nahida quest Sapientia Oromasdis Sapientia Oromasdis gameplay,Nahida Story Quest HD Full | Lingering Warmth Sapientia Oromasdis Chapter Act I | Genshin Impact 3.2,96:41,https://www.youtube.com/watch?v=qZq0sO1K0cA,85.71428571428571
Nahida quest Sapientia Oromasdis Sapientia Oromasdis gameplay,Nahida Story Quest 2 Full 4K | Homecoming Sapientia Oromasdis Chapter: Act II Genshin Impact 3.6,99:46,https://www.youtube.com/watch?v=eTn_h5r2n_0,85.71428571428571
Nahida quest Sapientia Oromasdis Sapientia Oromasdis gameplay,Nahida Full Story quest (ENG Dub) | Sapientia Oromasdis: Act 1 Lingering Warmth | Genshin Impact 3.2,88:06,https://www.youtube.com/watch?v=E3mz6gfy80I,85.71428571428571
Nahida quest Sapientia Oromasdis Sapientia Oromasdis gameplay,Genshin Impact: Nahida Full Story Quest Sapientia Oromasdis Chapter: Act 1 | Max Graphics 4K,93:27,https://www.youtube.com/watch?v=2yeHA0wdHCs,85.71428571428571
Nahida quest Sapientia Oromasdis Sapientia Oromasdis gameplay,Nahida Story Quest Part 2 Full | Sapientia Oromasdis Chapter: Act II Homecoming | Genshin Impact 3.6,85:21,https://www.youtube.com/watch?v=akbtHjjf9Dk,85.71428571428571
Nahida quest Sapientia Oromasdis Sapientia Oromasdis gameplay,Genshin Impact FULL Nahida Story Quest | Sapientia Oromasdis Chapter Act II Homecoming,93:36,https://www.youtube.com/watch?v=zhEhHRVmhzg,85.71428571428571
Nahida quest Sapientia Oromasdis Sapientia Oromasdis gameplay,Genshin Impact: Nahida Story Quest Sapientia Oromasdis Chapter: Act 2 | (Part 1) | Max Graphics 4K,46:29,https://www.youtube.com/watch?v=eHbaNooDiKU,85.71428571428571
Nahida quest Sapientia Oromasdis Sapientia Oromasdis gameplay,Genshin Impact: Sapientia Oromasdis - Nahida Story Quest - Update 3.2 - iOS Walkthrough Part 965,22:32,https://www.youtube.com/watch?v=aRn9iyOSWv8,85.71428571428571
Nahida quest Sapientia Oromasdis Sapientia Oromasdis gameplay,Genshin Impact 3.2 - Sapientia Oromasdis Chapter: Act I (Nahida Story Quest),119:37,https://www.youtube.com/watch?v=oY02FGStG6Q,85.71428571428571
Nahida quest Sapientia Oromasdis Sapientia Oromasdis gameplay,Genshin Impact - Nahida Story Quest Sapientia Oromasdis FULL( 4k 60FPS) Act 2,96:17,https://www.youtube.com/watch?v=5U1sG0v1UdY,85.71428571428571
Navia quest Rosa Multiflora Rosa Multiflora gameplay,Rosa Multiflora Chapter: Braving the Tides Together (Navia Quest),87:49,https://www.youtube.com/watch?v=BmU0X4Rm1yc,85.71428571428571
Navia quest Rosa Multiflora Rosa Multiflora gameplay,Navia's Story Quest - Rosa Multiflora Chapter: Act 1 - Genshin Impact v4.2,82:01,https://www.youtube.com/watch?v=V4I4ZKkpNXc,85.71428571428571
Navia quest Rosa Multiflora Rosa Multiflora gameplay,"Navia's Story Quest, Rosa Multiflora Chapter: Act 1 - Braving the Tides Together [Genshin][4.3]",81:17,https://www.youtube.com/watch?v=2HXToSpX-00,85.71428571428571
Navia quest Rosa Multiflora Rosa Multiflora gameplay,Full Navia Story Quest | Rosa Multiflora Braving the Tides Together,83:08,https://www.youtube.com/watch?v=4fapoy1xjEg,85.71428571428571
Navia quest Rosa Multiflora Rosa Multiflora gameplay,[Genshin Impact 81] Navia's Story Quest - Rosa Multiflora Chapter,94:46,https://www.youtube.com/watch?v=2-ClN3kGb1w,85.71428571428571
Navia quest Rosa Multiflora Rosa Multiflora gameplay,Rosa Multiflora Chapter   Act 1 Navia Full Story Quest,40:34,https://www.youtube.com/watch?v=Rzm1rSZBLkM,85.71428571428571
Navia quest Rosa Multiflora Rosa Multiflora gameplay,GENSHIN IMPACT 4.3 - Navia's Story Quest - Rosa Multiflora Chapter: Act 1,99:02,https://www.youtube.com/watch?v=lVEa_uSzk8k,85.71428571428571
Navia quest Rosa Multiflora Rosa Multiflora gameplay,Navia Story Quest | Rosa Multiflora Chapter: Act I - Braving the Tides Together,71:20,https://www.youtube.com/watch?v=lnfWyukZ5Jc,85.71428571428571
Navia quest Rosa Multiflora Rosa Multiflora gameplay,Navia Story Quest HD Full | Braving Tides Together Rosa Multiflora Chapter: Act I | Genshin Impact,83:09,https://www.youtube.com/watch?v=gTOtLZbRtgY,85.71428571428571
Navia quest Rosa Multiflora Rosa Multiflora gameplay,Rosa Multiflora Act I - Braving the Tides Together (Navia Story Quest) | Genshin Impact,90:51,https://www.youtube.com/watch?v=hR4WN977T4I,85.71428571428571
Neuvillette quest Diluvies Diluvies gameplay,NEUVILLETTE Story Quest: Diluvies Chapter: Act I - PART I (Gameplay) | Genshin Impact 4.7,28:57,https://www.youtube.com/watch?v=HnKud0XfiDs,100.0
Neuvillette quest Diluvies Diluvies gameplay,NEUVILLETTE Story Quest: Diluvies Chapter: Act I - PART II (Gameplay) | Genshin Impact 4.7,27:28,https://www.youtube.com/watch?v=p_BTfQVj6O8,100.0
Neuvillette quest Diluvies Diluvies gameplay,NEUVILLETTE Story Quest: Diluvies Chapter: Act I ( FULL Gameplay) | Genshin Impact 4.7,89:11,https://www.youtube.com/watch?v=M4-QAVF6AAA,100.0
Neuvillette quest Diluvies Diluvies gameplay,NEUVILLETTE Story Quest: Diluvies Chapter: Act I - PART III (Gameplay) | Genshin Impact 4.7,32:43,https://www.youtube.com/watch?v=4NiNOfvFuxo,100.0
Neuvillette quest Diluvies Diluvies gameplay,Let's Gameplay Video: Genshin Impact - Neuvillette's Story Quest - Diluvies Chapter - Act 1 💙❤️,94:10,https://www.youtube.com/watch?v=Z4owH4g-ffk,100.0
Neuvillette quest Diluvies Diluvies gameplay,Neuvillette Story Quest HD Complete | Remains Of Past Day Diluvies Chapter: Act I | Genshin Impact,87:08,https://www.youtube.com/watch?v=GH_5NJ5Hd0s,80.0
Neuvillette quest Diluvies Diluvies gameplay,Genshin Impact: Neuvillette Story Quest | Diluvies Chapter ACT 1 | 4K60FPS,82:53,https://www.youtube.com/watch?v=rUzQB3cr0S4,80.0
Neuvillette quest Diluvies Diluvies gameplay,Diluvies (Neuvillette Story Quest),3:11,https://www.youtube.com/watch?v=-NHDpoA2l1A,80.0
Neuvillette quest Diluvies Diluvies gameplay,Neuvillette Story Quest - Diluvies - Act I [Genshin 4.3],174:25,https://www.youtube.com/watch?v=UjlcxEo7O54,80.0
Neuvillette quest Diluvies Diluvies gameplay,"Neuvillette Story Quest ""Diluvies Chapter - Act I: The Remains of the Past Day""",101:39,https://www.youtube.com/watch?v=8fYD0lbDDNY,80.0
Nilou quest Lotos Somno Lotos Somno gameplay,🔥Genshin Impact Story quest Nilou Act I Lotos Somno - To the wise 🔥📈  #genshinimpact,87:58,https://www.youtube.com/watch?v=jY6eN9ZM8sY,85.71428571428571
Nilou quest Lotos Somno Lotos Somno gameplay,Nilou Story Quest Lotos Somno,111:00,https://www.youtube.com/watch?v=jt6kFnvxE3g,85.71428571428571
Nilou quest Lotos Somno Lotos Somno gameplay,Nilou Story Quest: Lotos Somno Chapter Act One - To the Wise | Genshin Impact,92:43,https://www.youtube.com/watch?v=S4fgMbGzdOI,85.71428571428571
Nilou quest Lotos Somno Lotos Somno gameplay,Genshin Impact: Lotos Somno Chapter - Nilou Story Quest,106:17,https://www.youtube.com/watch?v=NQEhnmnuvYk,85.71428571428571
Nilou quest Lotos Somno Lotos Somno gameplay,Genshin Impact - Lotos Somno Chapter: Act I [Nilou Story Quest],114:53,https://www.youtube.com/watch?v=kRCeYJyn7zw,85.71428571428571
Nilou quest Lotos Somno Lotos Somno gameplay,Nilou Story Quest Music Cover: To The Wise (Lotos Somno) - Genshin Impact | Fenvalur's Orchestra,1:35,https://www.youtube.com/watch?v=ZwSNtERrCOo,85.71428571428571
Nilou quest Lotos Somno Lotos Somno gameplay,Genshin Impact 3.1 - Nilou Story Quest / Lotos Somno Chapter ACT 1,113:52,https://www.youtube.com/watch?v=b81LDwFd8FI,85.71428571428571
Nilou quest Lotos Somno Lotos Somno gameplay,"Nilou Story Quest - Lotos Somno Chapter: Act 1, To The Wise",102:25,https://www.youtube.com/watch?v=rNb5Ye9w8ds,85.71428571428571
Nilou quest Lotos Somno Lotos Somno gameplay,"Nilou Full Story Quest, Lotos Somno Chapter: Act I | Genshin Impact",104:26,https://www.youtube.com/watch?v=w_q-gH5CqNM,85.71428571428571
Nilou quest Lotos Somno Lotos Somno gameplay,Nilou Story Quest Walkthrough Gameplay Part 1 (Japanese Dub) | Genshin Impact,69:06,https://www.youtube.com/watch?v=ZxSlsR_4TdA,42.857142857142854
Raiden Shogun quest Imperatrix Umbrosa Imperatrix Umbrosa gameplay,"Raiden Shogun's Story Quest ""Imperatrix Umbrosa Chapter: Act I - Reflections of Mortality""",65:52,https://www.youtube.com/watch?v=UxbUmtWv-9I,87.5
Raiden Shogun quest Imperatrix Umbrosa Imperatrix Umbrosa gameplay,Raiden Shogun Story Quest “Imperatrix Umbrosa Chapter: Act 2 - Transient Dreams” | Genshin Impact,90:16,https://www.youtube.com/watch?v=JGebvZ-Ll28,87.5
Raiden Shogun quest Imperatrix Umbrosa Imperatrix Umbrosa gameplay,Genshin Impact - Ei (Raiden Shogun) Full Story Quest (Imperatrix Umbrosa),70:11,https://www.youtube.com/watch?v=GQelp0qOcRk,87.5
Raiden Shogun quest Imperatrix Umbrosa Imperatrix Umbrosa gameplay,Genshin Impact: Imperatrix Umbrosa Chapter - Raiden Shogun Story Quest - 2.1 - Inazuma - Part 414,130:17,https://www.youtube.com/watch?v=iEwNzq0FOTA,87.5
Raiden Shogun quest Imperatrix Umbrosa Imperatrix Umbrosa gameplay,Imperatrix Umbrosa & Omnipresence Over Mortals Raiden Shogun Ei Main Story Gameplay,102:00,https://www.youtube.com/watch?v=yH1TXgzUJ1k,87.5
Raiden Shogun quest Imperatrix Umbrosa Imperatrix Umbrosa gameplay,[Full Guide] Raiden Shogun Quest - Imperatrix Umbrosa Chapter: Act I | Genshin Impact,70:43,https://www.youtube.com/watch?v=WCHvQ1AcY7M,87.5
Raiden Shogun quest Imperatrix Umbrosa Imperatrix Umbrosa gameplay,Raiden Shogun's Story Quest Act 2 Imperatrix Umbrosa Chapter in Genshin Impact,89:13,https://www.youtube.com/watch?v=FvyAXdWqMxw,87.5
Raiden Shogun quest Imperatrix Umbrosa Imperatrix Umbrosa gameplay,Reflections of Mortality — Imperatrix Umbrosa Chapter: Act I (Raiden Shogun/Ei) | Genshin Impact,66:41,https://www.youtube.com/watch?v=xSMsNQNgQzI,75.0
Raiden Shogun quest Imperatrix Umbrosa Imperatrix Umbrosa gameplay,Quête Shogun Raiden (Ei) | Imperatrix Umbrosa - Acte 2 : Rêves éphémères (Genshin Impact 2.5),95:20,https://www.youtube.com/watch?v=acxdF5RHu9Y,75.0
Raiden Shogun quest Imperatrix Umbrosa Imperatrix Umbrosa gameplay,Quête Shogun Raiden | Imperatrix Umbrosa - Acte 1: Reflets de la mortalité  (Genshin Impact 2.1),77:58,https://www.youtube.com/watch?v=omtwp-oWCAI,75.0
Razor quest Lupus Minor Lupus Minor gameplay,Razor Story Quest | The Meaning of Lupical | Lupus Minor Chapter: Act 1 | Genshin Impact | Gameplay,27:53,https://www.youtube.com/watch?v=TRqPEKVFgAY,100.0
Razor quest Lupus Minor Lupus Minor gameplay,Razor Story Quest - The Meaning of Lupical - Lupus Minor - Unlocking Wolf of the North Challenge,23:52,https://www.youtube.com/watch?v=4MnXE1-UbSo,85.71428571428571
Razor quest Lupus Minor Lupus Minor gameplay,The Mowgli of Genshin Impact Razor Story Quest - Lupus Minor Chapter: Act I,32:11,https://www.youtube.com/watch?v=N82glgui0Oo,85.71428571428571
Razor quest Lupus Minor Lupus Minor gameplay,[Character Quest] Razor Story Quest - Lupus Minor Chapter Act 1 Part 3 - Ravaged by Wolves,5:59,https://www.youtube.com/watch?v=Vo9B8116n8o,85.71428571428571
Razor quest Lupus Minor Lupus Minor gameplay,[Character Quest] Razor Story Quest - Lupus Minor Chapter Act 1 Part 2 - Another Day as an Outrider!,4:04,https://www.youtube.com/watch?v=z7VShj3oumk,85.71428571428571
Razor quest Lupus Minor Lupus Minor gameplay,[Character Quest] Razor Story Quest - Lupus Minor Chapter Act 1 - The Meaning of Lupical,26:41,https://www.youtube.com/watch?v=yzSCp_OB3C0,85.71428571428571
Razor quest Lupus Minor Lupus Minor gameplay,Razor's Story Quest - Lupus Minor Chapter: Act I - Genshin Impact,22:01,https://www.youtube.com/watch?v=15j3YoPNuLs,85.71428571428571
Razor quest Lupus Minor Lupus Minor gameplay,"Razor's Story Quest, Lupus Minor Chapter Act 1 | Genshin Impact | ASJ Gaming",36:55,https://www.youtube.com/watch?v=HGa2SQ9sJ04,85.71428571428571
Razor quest Lupus Minor Lupus Minor gameplay,Razor Quest Story The Meaning of Lupical Lupus Minor Chapter Act 1,40:48,https://www.youtube.com/watch?v=uGe-1iK5A2A,85.71428571428571
Razor quest Lupus Minor Lupus Minor gameplay,"Razor Story Quest ""Lupus Minor Chapter: Act I - The Meaning of Lupical""",28:25,https://www.youtube.com/watch?v=LyArMUuoM2U,85.71428571428571
Sangonomiya Kokomi quest Dracaena Somnolenta Dracaena Somnolenta gameplay,Genshin Impact - Sangonomiya Kokomi Story Quest - Dracaena Somnolenta Chapter Act 1 | Gameplay 60fps,81:18,https://www.youtube.com/watch?v=yxN766P3Kio,100.0
Sangonomiya Kokomi quest Dracaena Somnolenta Dracaena Somnolenta gameplay,Dracaena Somnolenta Chapter: Act I | Sangonomiya Kokomi Full Story Quest,64:27,https://www.youtube.com/watch?v=DpZ7jo2VYpQ,87.5
Sangonomiya Kokomi quest Dracaena Somnolenta Dracaena Somnolenta gameplay,Genshin Impact 2.1 | Dracaena Somnolenta chapter: act 1 | Sangonomiya Kokomi story quest,18:57,https://www.youtube.com/watch?v=6FnHEIRS-Pc,87.5
Sangonomiya Kokomi quest Dracaena Somnolenta Dracaena Somnolenta gameplay,Sangonomiya Kokomi Story Quest : Chapter Dracaena Somnolenta Act 1 (EN | ID) | Genshin Impact,80:57,https://www.youtube.com/watch?v=3dSD0u5Hq_s,87.5
Sangonomiya Kokomi quest Dracaena Somnolenta Dracaena Somnolenta gameplay,Genshin Impact 2.1 | Dracaena Somnolenta chapter: act 1 | Sangonomiya Kokomi story quest,19:05,https://www.youtube.com/watch?v=IAFCHDJJmuk,87.5
Sangonomiya Kokomi quest Dracaena Somnolenta Dracaena Somnolenta gameplay,Genshin Impact 2.1 | Dracaena Somnolenta chapter: act 1 | Sangonomiya Kokomi story quest,23:12,https://www.youtube.com/watch?v=gwdspvPKjIs,87.5
Sangonomiya Kokomi quest Dracaena Somnolenta Dracaena Somnolenta gameplay,Genshin Impact  - Part 55 | Dracaena Somnolenta Chapter - Sangonomiya Kokomi Story Quest | 4K60FPS,17:22,https://www.youtube.com/watch?v=NdjLISVV_KI,87.5
Sangonomiya Kokomi quest Dracaena Somnolenta Dracaena Somnolenta gameplay,"Story Quest: Dracaena Somnolenta Chapter, Act I (Sangonomiya Kokomi) | Genshin Impact",81:40,https://www.youtube.com/watch?v=-yKmxBO28hI,87.5
Sangonomiya Kokomi quest Dracaena Somnolenta Dracaena Somnolenta gameplay,Genshin Impact  - Part 54 | Dracaena Somnolenta Chapter - Sangonomiya Kokomi Story Quest | 4K60FPS,54:27,https://www.youtube.com/watch?v=AXWEOl-W3XE,87.5
Sangonomiya Kokomi quest Dracaena Somnolenta Dracaena Somnolenta gameplay,Full Sangonomiya Kokomi Story Quest Genshin Impact,77:40,https://www.youtube.com/watch?v=a02kG0fuSko,37.5
Sigewinne quest Nereides Nereides gameplay,Sigewinne Story Quest: Nereides Act 1 - The Warmth of Lies Full Gameplay,148:53,https://www.youtube.com/watch?v=Mgs4L4IM8DE,100.0
Sigewinne quest Nereides Nereides gameplay,Genshin Impact Gameplay 4.7 Story Quest  -  Sigewinne Nereides Chapter Act 1 The Warmth of Lies,129:55,https://www.youtube.com/watch?v=9RAS-0CR6v8,100.0
Sigewinne quest Nereides Nereides gameplay,Genshin Impact - Story Quest - Sigewinne: Nereides Chapter: Act I - Underground Crime,52:36,https://www.youtube.com/watch?v=-Wda21z3E5Y,80.0
Sigewinne quest Nereides Nereides gameplay,Sigewinne Story Quest HD Complete | The Warmth Of Lies Nereides Chapter: Act 1 | Genshin Impact 4.7,131:20,https://www.youtube.com/watch?v=n6JR-Ot_Qho,80.0
Sigewinne quest Nereides Nereides gameplay,Genshin Impact - Story Quest - Sigewinne: Nereides Chapter: Act I - Beauty Expert,47:41,https://www.youtube.com/watch?v=5CXS0jCkimE,80.0
Sigewinne quest Nereides Nereides gameplay,Nereides Chapter: The Warmth of Lies (Sigewinne Story Quest),148:34,https://www.youtube.com/watch?v=wtSKDZwRJ04,80.0
Sigewinne quest Nereides Nereides gameplay,Genshin Impact - Story Quest - Sigewinne: Nereides Chapter: Act I - Switcheroo,43:35,https://www.youtube.com/watch?v=KU71E9IqjhI,80.0
Sigewinne quest Nereides Nereides gameplay,Nereides (Sigewinne Story Quest),144:27,https://www.youtube.com/watch?v=pepCBOIeWeI,80.0
Sigewinne quest Nereides Nereides gameplay,Genshin Impact Sigewinne Story Quest Nereides part 1,59:13,https://www.youtube.com/watch?v=5PSgDjlXIE0,80.0
Sigewinne quest Nereides Nereides gameplay,Genshin Impact - Story Quest - Sigewinne: Nereides Chapter: Act I - The Truth Of What Was,17:48,https://www.youtube.com/watch?v=XE-wtlk4W2U,80.0
Tartaglia quest Monoceros Caeli Monoceros Caeli gameplay,Genshin Impact | Childe (Tartaglia) Story Quest - Monoceros Caeli Chapter: Act I,67:09,https://www.youtube.com/watch?v=La8HzboW1sY,85.71428571428571
Tartaglia quest Monoceros Caeli Monoceros Caeli gameplay,Genshin Impact - Childe/Tartaglia Story Quest (Monoceros Caeli Chapter: Act I),67:39,https://www.youtube.com/watch?v=JTwSj1iwwGs,85.71428571428571
Tartaglia quest Monoceros Caeli Monoceros Caeli gameplay,Genshin Impact - Childe/Tartaglia Story Quest (Monoceros Caeli Chapter: Act I),68:21,https://www.youtube.com/watch?v=gID0ri9YNKc,85.71428571428571
Tartaglia quest Monoceros Caeli Monoceros Caeli gameplay,Tartaglia Story Quest : Chapter Monoceros Caeli Act 1 (EN | ID) | Genshin Impact,70:49,https://www.youtube.com/watch?v=Qbxy_cb5X6U,85.71428571428571
Tartaglia quest Monoceros Caeli Monoceros Caeli gameplay,Story Quest: Tartaglia (Childe) \ Chapter: Monoceros Caeli \ Act I: Mighty Cyclops' Adventure!,68:26,https://www.youtube.com/watch?v=nH5oFFvKTfY,85.71428571428571
Tartaglia quest Monoceros Caeli Monoceros Caeli gameplay,Childe Tartaglia Story Quest Monoceros Caeli Chapter: Act I Might Cyclops Adventure | Genshin Impact,73:27,https://www.youtube.com/watch?v=TL9Nr9CgqWI,85.71428571428571
Tartaglia quest Monoceros Caeli Monoceros Caeli gameplay,Tartaglia AR40 Story Quest - Monoceros Caeli Chapter Act I [ENG DUB] | Genshin Impact,61:06,https://www.youtube.com/watch?v=AsRx8MK_Knw,85.71428571428571
Tartaglia quest Monoceros Caeli Monoceros Caeli gameplay,Genshin Impact -Story Quest-Monoceros Caeli- Chapter: Act I- TARTAGLIA -Mighty Cyclops' Adventure,79:04,https://www.youtube.com/watch?v=eT3PEPwdvL4,85.71428571428571
Tartaglia quest Monoceros Caeli Monoceros Caeli gameplay,Monoceros Caeli [FULL WALKTHROUGH] // Tartaglia's Quest // Genshin Impact,61:54,https://www.youtube.com/watch?v=4fwwvR7U5Gw,85.71428571428571
Tartaglia quest Monoceros Caeli Monoceros Caeli gameplay,Mighty Cyclops' Adventure! — Monoceros Caeli Chapter: Act I (Tartaglia/Childe) | Genshin Impact,69:18,https://www.youtube.com/watch?v=mtNdJ3tqpmY,71.42857142857143
Tighnari quest Vulpes Zerda Vulpes Zerda gameplay,"Stream | Tighnari's Story Quest - Vulpes Zerda Chapter | July 05, 2023",126:51,https://www.youtube.com/watch?v=O7845FOxG7g,85.71428571428571
Tighnari quest Vulpes Zerda Vulpes Zerda gameplay,Tighnari Full Story Quest! Vulpes Zerda Chapter: Act I | Genshin Impact 3.0,83:52,https://www.youtube.com/watch?v=dYuOEYHVCCc,85.71428571428571
Tighnari quest Vulpes Zerda Vulpes Zerda gameplay,Genshin Impact 3.0: Sumeru - New Tighnari Story Quest - Vulpes Zerda Act 1,116:59,https://www.youtube.com/watch?v=qQPrvB0jh1k,85.71428571428571
Tighnari quest Vulpes Zerda Vulpes Zerda gameplay,Full Tighnari Story Quest Genshin Impact (Vulpes Zerda Chapter),78:33,https://www.youtube.com/watch?v=0uWaCRRLOaY,85.71428571428571
Tighnari quest Vulpes Zerda Vulpes Zerda gameplay,Genshin Impact  - Part 80 | Vulpes Zerda Chapter - Tighnari Story Quest | 4K60FPS,56:11,https://www.youtube.com/watch?v=YGBpwWhZPrk,85.71428571428571
Tighnari quest Vulpes Zerda Vulpes Zerda gameplay,Tighnari Story Quest ACT 1 [JP DUB] | Vulpes Zerda : The Unanswerable Problems | Sumeru Quest,88:06,https://www.youtube.com/watch?v=SKxyYYlefg0,85.71428571428571
Tighnari quest Vulpes Zerda Vulpes Zerda gameplay,Vulpes Zerda Chapter: Tighnari's Story Quest (fifth part),30:16,https://www.youtube.com/watch?v=H9AKAObNexY,85.71428571428571
Tighnari quest Vulpes Zerda Vulpes Zerda gameplay,[ENG/FIL] Tighnari Story Quest: Vulpes Zerda Chapter,46:25,https://www.youtube.com/watch?v=6FbmnKa7do4,85.71428571428571
Tighnari quest Vulpes Zerda Vulpes Zerda gameplay,Tighnari Story Quest Full | Vulpes Zerda Chapter Act I: The Unanswerable Problems | Genshin Impact,103:30,https://www.youtube.com/watch?v=RTTCNnCCPJI,85.71428571428571
Tighnari quest Vulpes Zerda Vulpes Zerda gameplay,Tighnari Domain (Vulpes Zerda) - Genshin Impact,5:01,https://www.youtube.com/watch?v=sOTKmB9ZFEI,71.42857142857143
Venti quest Carmen Dei Carmen Dei gameplay,Carmen Dei Chapter : Act I - Genshin Impact Venti Story Quest Gameplay (No Commentary),42:17,https://www.youtube.com/watch?v=yMHTKTMGsLE,100.0
Venti quest Carmen Dei Carmen Dei gameplay,Venti AR36 Story Quest - Carmen Dei Chapter Act I [ENG DUB] | Genshin Impact,47:41,https://www.youtube.com/watch?v=mexY7T_0Ozo,85.71428571428571
Venti quest Carmen Dei Carmen Dei gameplay,Carmen Dei | Venti Story Quest | All Cutscenes & Dialogue,43:39,https://www.youtube.com/watch?v=hUZDHLGE2ck,85.71428571428571
Venti quest Carmen Dei Carmen Dei gameplay,Venti Story Quest | Carmen Dei Chapter | Should You Be Trapped In A Windless Land | Genshin Impact,47:53,https://www.youtube.com/watch?v=HcnV9JFExGo,85.71428571428571
Venti quest Carmen Dei Carmen Dei gameplay,Carmen Dei. Genshin Impact ( Venti quest),50:21,https://www.youtube.com/watch?v=SkLkcawvqDk,85.71428571428571
Venti quest Carmen Dei Carmen Dei gameplay,"Venti Story Quest, Carmen Dei Chapter, Should You Be Trapped in a Windless Land | Genshin Impact",1:02,https://www.youtube.com/watch?v=x_qSzcNaI50,85.71428571428571
Venti quest Carmen Dei Carmen Dei gameplay,Carmen Dei Chapter Act I Venti Quest,33:05,https://www.youtube.com/watch?v=GvG3NJOwIyc,85.71428571428571
Venti quest Carmen Dei Carmen Dei gameplay,Venti Story | Carmen Dei Act I | Japanese Audio | Genshin Impact | No Commentary,47:47,https://www.youtube.com/watch?v=0aQUXKTvs5w,71.42857142857143
Venti quest Carmen Dei Carmen Dei gameplay,Venti Story | Carmen Dei Act I | English Audio | Genshin Impact | No Commentary,48:49,https://www.youtube.com/watch?v=FNCEPOKlFao,71.42857142857143
Venti quest Carmen Dei Carmen Dei gameplay,Carmen Dei: Act 1 | Venti's Character Story | Patch 1.0 | Genshin Impact,42:52,https://www.youtube.com/watch?v=Mpsr0kHGXEw,71.42857142857143
Wriothesley quest Cerberus Cerberus gameplay,Cinematic Wriothesley Cerberus Quest and Talks about his Past Life [Genshin Impact],16:05,https://www.youtube.com/watch?v=GoYGei7Demo,80.0
Wriothesley quest Cerberus Cerberus gameplay,Genshin Impact: Wriothesley Story Quest | Cerberus Chapter ACT 1 | 4K60FPS,95:54,https://www.youtube.com/watch?v=aRZ6VFeaEeg,80.0
Wriothesley quest Cerberus Cerberus gameplay,Wriothesley Story Quest HD Complete | Reborn In Land Of Grievances Cerberus Chapter: Act I | Genshin,94:17,https://www.youtube.com/watch?v=x06XyWdGrOE,80.0
Wriothesley quest Cerberus Cerberus gameplay,Wriothesley is Cerberus  #genshinimpact  #genshin,0:40,https://www.youtube.com/watch?v=3ibRpnyjkc0,60.0
Wriothesley quest Cerberus Cerberus gameplay,Wriothesley Story Quest  #kookie #genshinimpact #nocommentary,0:26,https://www.youtube.com/watch?v=HN8TwbWkIsM,40.0
Wriothesley quest Cerberus Cerberus gameplay,When I was working on Wriothesley's Story Quest.,0:31,https://www.youtube.com/watch?v=-3XjRa-uouE,40.0
Wriothesley quest Cerberus Cerberus gameplay,I’m obsessed with these two dodging stuff :: #genshinimpact #wriothesley #storyquest #kazuha,0:15,https://www.youtube.com/watch?v=kTwamkIC5yQ,40.0
Wriothesley quest Cerberus Cerberus gameplay,Try opening the door infront of you #wriothesley #quest #genshin #ytshorts #viral,0:59,https://www.youtube.com/watch?v=q6039ZScIzA,40.0
Wriothesley quest Cerberus Cerberus gameplay,WRIOTHESLEY story quest part 1 #genshinimpact #genshin #viral #viralshorts #fyp #trending #gaming,1:01,https://www.youtube.com/watch?v=rx12_4loKZQ,40.0
Wriothesley quest Cerberus Cerberus gameplay,Wriothesley Story Quest Cutscene | Genshin Impact Short #983,0:20,https://www.youtube.com/watch?v=mPH0HTgl_xQ,40.0
Xiangling quest Trulla Trulla gameplay,"GENSHIN IMPACT - Trulla Xiangling's Quest ""GAMEPLAY""",56:07,https://www.youtube.com/watch?v=bbAwAycWr4s,100.0
Xiangling quest Trulla Trulla gameplay,Genshin Impact Trulla Chapter: Act 1 Mondstadt Gastronomy Trip Xiangling Quest Walkthrough Gameplay,46:06,https://www.youtube.com/watch?v=cFaKKqhgFRA,100.0
Xiangling quest Trulla Trulla gameplay,Story Quest Xiangling - Trulla Chapter: Act 1 - Mondstat Gastronomy Trip,42:02,https://www.youtube.com/watch?v=_FL1KIhElek,80.0
Xiangling quest Trulla Trulla gameplay,Xiangling Story | Trulla Act I | English Audio | Genshin Impact | No Commentary,38:25,https://www.youtube.com/watch?v=43qIob1M360,60.0
Xiangling quest Trulla Trulla gameplay,Xiangling Story | Trulla Act I | Japanese Audio | Genshin Impact | No Commentary,44:40,https://www.youtube.com/watch?v=js3PqBgPHH4,60.0
Xiangling quest Trulla Trulla gameplay,Find lotushead and Jueyun chilies | Xiangling quest ingredient - Genshin Impact,9:31,https://www.youtube.com/watch?v=rYmd5EqwRZs,40.0
Xiangling quest Trulla Trulla gameplay,Little chef on a hunt | Xiangling | Genshin Impact quest,17:12,https://www.youtube.com/watch?v=I8ToTAN4ODQ,40.0
Xiangling quest Trulla Trulla gameplay,FULL XIANGLING'S QUEST!,33:28,https://www.youtube.com/watch?v=Fyi9bm_TR18,40.0
Xiangling quest Trulla Trulla gameplay,"Xiangling's Quest | Three to Get Ready, and Here We Go",27:50,https://www.youtube.com/watch?v=yDUy0dEsp9E,40.0
Xiangling quest Trulla Trulla gameplay,"Xiangling's Quest | One for the Foodies, Two for the Show",103:04,https://www.youtube.com/watch?v=89St4TKiy70,40.0
Xianyun quest Grus Serena Grus Serena gameplay,Dish plays Xianyun Story Quest Act 1: Grus Serena Chapter | DISH VODS,215:20,https://www.youtube.com/watch?v=I1P7-wwnNes,85.71428571428571
Xianyun quest Grus Serena Grus Serena gameplay,"Genshin Impact 4.4 | Xianyun Story Quest Act 1 Grus Serena Chapter ""A Thousand Moonlit Miles"" | #11",130:53,https://www.youtube.com/watch?v=RvbUSqLJw9o,85.71428571428571
Xianyun quest Grus Serena Grus Serena gameplay,Genshin Impact - Grus Serena Chapter - A Thousand Moonlit Miles (Xianyun's Story Quest) (Part 464),149:22,https://www.youtube.com/watch?v=Lzt6V4qo9SM,85.71428571428571
Xianyun quest Grus Serena Grus Serena gameplay,XIANYUN'S STORY QUEST GRUS SERENA,149:33,https://www.youtube.com/watch?v=z-dihmJJ-NQ,85.71428571428571
Xianyun quest Grus Serena Grus Serena gameplay,Genshin Impact - Grus Serena Chapter: Act I (Xianyun's Story Quest),128:57,https://www.youtube.com/watch?v=STrhAjcIaeA,85.71428571428571
Xianyun quest Grus Serena Grus Serena gameplay,Xianyun's Story Quest | Grus Serena Chapter | A Thousand Moonlit Miles | Genshin Impact,117:17,https://www.youtube.com/watch?v=eK4g9s0R21Y,85.71428571428571
Xianyun quest Grus Serena Grus Serena gameplay,Genshin Impact | Story Quests - Xianyun - Grus Serena Chapter: Act I | Live Stream,178:37,https://www.youtube.com/watch?v=YShtfO4nAw8,85.71428571428571
Xianyun quest Grus Serena Grus Serena gameplay,Xianyun Story Quest - Grus Serena Chapter: Act I - A  Thousand Moonlit Miles | 【Genshin Impact】,119:05,https://www.youtube.com/watch?v=vZaUMlSaE_M,85.71428571428571
Xianyun quest Grus Serena Grus Serena gameplay,Genshin Impact Xianyun Story Quest Grus Serena chapter 1,168:49,https://www.youtube.com/watch?v=eIRQ9s4yRdc,85.71428571428571
Xianyun quest Grus Serena Grus Serena gameplay,"Xianyun's Story Quest, Grus Serena Chapter: Act 1 - A Thousand Moonlit Miles [Genshin Impact][4.4]",116:08,https://www.youtube.com/watch?v=kpQzjkb6CMo,85.71428571428571
Xiao quest Alatus Alatus gameplay,"Xiao Story Quest Gameplay ""Alatus Chapter Act 1"" Butterfly's Dream",42:05,https://www.youtube.com/watch?v=hrEIQ34El3Y,100.0
Xiao quest Alatus Alatus gameplay,Genshin Impact - Butterfly's Dream - Alatus Chapter: Act I - Xiao Quest,61:25,https://www.youtube.com/watch?v=3OOJcLzew00,80.0
Xiao quest Alatus Alatus gameplay,Xiao in this scene is so badass. General Alatus. Falling in! #genshinimpact #cutscene #2.7 quest,0:16,https://www.youtube.com/watch?v=h2EPcArPgVU,80.0
Xiao quest Alatus Alatus gameplay,Xiao Story Quest: Alatus Chapter - Act 1: Butterfly's Dream,50:30,https://www.youtube.com/watch?v=YPZx7o50TzA,80.0
Xiao quest Alatus Alatus gameplay,xiao or Alatus,0:17,https://www.youtube.com/watch?v=QL_Hc_ychy4,60.0
Xiao quest Alatus Alatus gameplay,YOU ARE LUCKY IF YOU OWN XIAO | Xiao Gameplay During Quest | Genshin Impact #shorts,0:52,https://www.youtube.com/watch?v=jjEGSS5ex7s,60.0
Xiao quest Alatus Alatus gameplay,You Can't Toss Alatus Aside!!! #genshinimpact #shorts #xiao #sabaton,0:07,https://www.youtube.com/watch?v=_UWwlMq3h2Q,60.0
Xiao quest Alatus Alatus gameplay,I FOUND THIS QUEST WHILE EXPLORING #genshinimpact #xiao #quests #mihoyo,0:28,https://www.youtube.com/watch?v=u6kEbJliGPI,40.0
Xiao quest Alatus Alatus gameplay,Xiao appears when traveler called him | Baizhu story quest,0:36,https://www.youtube.com/watch?v=p4qHusZwEfg,40.0
Xiao quest Alatus Alatus gameplay,Genshin Impact Normal Xiao Vs Lore Accurate Xiao #genshinimpact,0:43,https://www.youtube.com/watch?v=NB5pqAuANZo,20.0
Xingqiu quest Fabulae Textile Fabulae Textile gameplay,"Xingqiu Story Quest ""Fabulae Textile Chapter: Act I - Bookworm Swordsman""",55:26,https://www.youtube.com/watch?v=lvb0oLk8T5s,85.71428571428571
Xingqiu quest Fabulae Textile Fabulae Textile gameplay,Fabulae Textile Chapter: Act 1 - Xingqiu Story Quest,49:54,https://www.youtube.com/watch?v=2Ket9uRwozs,85.71428571428571
Xingqiu quest Fabulae Textile Fabulae Textile gameplay,Story Quest: Xingqiu \ Chapter: Fabulae Textile \ Act I: Bookworm Swordsman,53:00,https://www.youtube.com/watch?v=i5fagbuziyc,85.71428571428571
Xingqiu quest Fabulae Textile Fabulae Textile gameplay,Xingqiu Story Quest | Fabulae Textile Chapter: Act I Bookworm Swordsman (Genshin Impact),46:38,https://www.youtube.com/watch?v=JiqKXO6YzMA,85.71428571428571
Xingqiu quest Fabulae Textile Fabulae Textile gameplay,Xingqiu Story Quest Fabulae Textile Act I: Bookworm Swordsman | Genshin Impact,67:13,https://www.youtube.com/watch?v=j2LzGZctfUo,85.71428571428571
Xingqiu quest Fabulae Textile Fabulae Textile gameplay,[Genshin Impact] Xingqiu Story Quest - Fabulae Textile Act 1 (Bookworm Swordsman),61:31,https://www.youtube.com/watch?v=gvhaYTQvVkc,85.71428571428571
Xingqiu quest Fabulae Textile Fabulae Textile gameplay,Fabulae Textile Chapter Act 1 : Bookworm Swordsman (Xingqiu Story Quest),46:12,https://www.youtube.com/watch?v=A8Z8HKy7QjM,85.71428571428571
Xingqiu quest Fabulae Textile Fabulae Textile gameplay,Xingqiu Story | Fabulae Textile Act I | English Audio | Genshin Impact | No Commentary,46:35,https://www.youtube.com/watch?v=kJFxZBvLAMQ,71.42857142857143
Xingqiu quest Fabulae Textile Fabulae Textile gameplay,Xingqiu Story | Fabulae Textile Act I | Japanese Audio | Genshin Impact | No Commentary,48:22,https://www.youtube.com/watch?v=uTfzokJB9d8,71.42857142857143
Xingqiu quest Fabulae Textile Fabulae Textile gameplay,Fabulae Textile: Act 1 | Xingqiu's Character Story | Patch 1.0 | Genshin Impact,47:00,https://www.youtube.com/watch?v=TZ3O6eQFk6Q,71.42857142857143
Yae Miko quest Divina Vulpes Divina Vulpes gameplay,Genshin Impact - Yae Miko Story Quest | Divina Vulpes Act 1 - The Great Narukami Offering | Gameplay,97:59,https://www.youtube.com/watch?v=5pWwcM2MK58,100.0
Yae Miko quest Divina Vulpes Divina Vulpes gameplay,Yae Miko Story Quest “Divina Vulpes Chapter: Act 1 - The Great Narukami Offering”,98:05,https://www.youtube.com/watch?v=637H36zd26c,87.5
Yae Miko quest Divina Vulpes Divina Vulpes gameplay,Yae Miko Story Quest (Full) | Divina Vulpes Chapter: Great Narukami Offering | Genshin Impact 2.5,95:54,https://www.youtube.com/watch?v=CsHKr9_eXMw,87.5
Yae Miko quest Divina Vulpes Divina Vulpes gameplay,Yae Miko's Story Quest Divina Vulpes Chapter in Genshin Impact,99:12,https://www.youtube.com/watch?v=efPgwUeGPy4,87.5
Yae Miko quest Divina Vulpes Divina Vulpes gameplay,"Lumine Gets Possessed! - Yae Miko's Story Quest ""Divina Vulpes Chapter: Act I""",9:23,https://www.youtube.com/watch?v=k3ne1vH3NnY,87.5
Yae Miko quest Divina Vulpes Divina Vulpes gameplay,Yae Miko Story Quest “Divina Vulpes Chapter: Act 1 - The Great Narukami Offering”,44:10,https://www.youtube.com/watch?v=1_ysP_nrXWc,87.5
Yae Miko quest Divina Vulpes Divina Vulpes gameplay,Genshin Impact - Divina Vulpes Chapter: Act I - Yae Miko's Story Quest,130:22,https://www.youtube.com/watch?v=frRt0WIB4Dg,87.5
Yae Miko quest Divina Vulpes Divina Vulpes gameplay,Yae Miko Story Quest “Divina Vulpes Chapter: Act 1 - The Great Narukami Offering”,111:19,https://www.youtube.com/watch?v=hmHfaFVYvA4,87.5
Yae Miko quest Divina Vulpes Divina Vulpes gameplay,"Yae Miko Story Quest ""Divina Vulpes Ch: Act I – The Great Narukami Offering"" (Full) | Genshin Impact",104:19,https://www.youtube.com/watch?v=wT-61oPVm_4,87.5
Yae Miko quest Divina Vulpes Divina Vulpes gameplay,Yae Miko Story Quest “Divina Vulpes Chapter: Act 1 - The Great Narukami Offering”,101:06,https://www.youtube.com/watch?v=QW0jUwSmXvE,87.5
Yelan quest Umbrabilis Orchis Umbrabilis Orchis gameplay,Genshin Impact: Umbrabilis Orchis - Yelan’s Quest - Update 2.7 - iOS Gameplay Walkthrough Part 716,133:10,https://www.youtube.com/watch?v=hPTYH92rR5Y,100.0
Yelan quest Umbrabilis Orchis Umbrabilis Orchis gameplay,Genshin Impact - Umbrabilis Orchis Yelan Story Quest Walkthrough Part #1 [HD 1080P],133:18,https://www.youtube.com/watch?v=wZHKrAzrB5Y,85.71428571428571
Yelan quest Umbrabilis Orchis Umbrabilis Orchis gameplay,Genshin Impact  - Part 70 | Umbrabilis Orchis Chapter - Yelan Story Quest | 4K60FPS,55:23,https://www.youtube.com/watch?v=pLM95EzYoLQ,85.71428571428571
Yelan quest Umbrabilis Orchis Umbrabilis Orchis gameplay,Yelan Story Quest Full Walkthrough Guide in Genshin Impact (Umbrabilis Orchis Chapter Act 1),111:20,https://www.youtube.com/watch?v=f7_rlz2sNZE,85.71428571428571
Yelan quest Umbrabilis Orchis Umbrabilis Orchis gameplay,Yelan Story Quest: Umbrabilis Orchis Part 1 l Genshin Impact (No Commentary),41:35,https://www.youtube.com/watch?v=ziW57HgFd68,85.71428571428571
Yelan quest Umbrabilis Orchis Umbrabilis Orchis gameplay,"Yelan Story Quest ""Umbrabilis Orchis: Act I"" Full Walkthrough | Genshin Impact",112:18,https://www.youtube.com/watch?v=UIoE1_qP4wg,85.71428571428571
Yelan quest Umbrabilis Orchis Umbrabilis Orchis gameplay,Genshin Impact - Story Quest - Yelan: Umbrabilis Orchis - Act 1,83:25,https://www.youtube.com/watch?v=P8CvpMl8L0Q,85.71428571428571
Yelan quest Umbrabilis Orchis Umbrabilis Orchis gameplay,"Yelan Story Quest ""Umbrabilis Orchis Chapter: Act I - Calculated Gambit""",128:21,https://www.youtube.com/watch?v=C1BisjcKrfI,85.71428571428571
Yelan quest Umbrabilis Orchis Umbrabilis Orchis gameplay,Genshin Impact  - Part 71 | Umbrabilis Orchis Chapter - Yelan Story Quest | 4K60FPS,42:45,https://www.youtube.com/watch?v=KPQLnXvn_uY,85.71428571428571
Yelan quest Umbrabilis Orchis Umbrabilis Orchis gameplay,Yelan Story Quest [ Umbrabilis Orchis : Act I ]  Calculated Gambit ! / No Dialogue Skips,122:27,https://www.youtube.com/watch?v=49i-uo5Pttg,85.71428571428571
Yoimiya quest Carassius Auratus Carassius Auratus gameplay,Carassius Auratus Chapter: Act II | Yoimiya Story Quest | Gameplay | Genshin Impact,75:46,https://www.youtube.com/watch?v=YN2fZuf9e-g,100.0
Yoimiya quest Carassius Auratus Carassius Auratus gameplay,[Gameplay] Yoimiya's Story Quest Carassius Auratus Chapter,76:12,https://www.youtube.com/watch?v=7gjJYbnQVo8,100.0
Yoimiya quest Carassius Auratus Carassius Auratus gameplay,"Yoimiya Story Quest Full | Carassius Auratus Chapter: Act I ""Dreamlike Timelessness""",72:49,https://www.youtube.com/watch?v=QJzYE7NIGCc,85.71428571428571
Yoimiya quest Carassius Auratus Carassius Auratus gameplay,Genshin Impact | Yoimiya Story Quest | Carassius Auratus Chapter 1,68:57,https://www.youtube.com/watch?v=GSeIFk7V97U,85.71428571428571
Yoimiya quest Carassius Auratus Carassius Auratus gameplay,Genshin Impact | Story Quest - Carassius Auratus: Act I (Yoimiya),89:07,https://www.youtube.com/watch?v=WucfQh2Kls4,85.71428571428571
Yoimiya quest Carassius Auratus Carassius Auratus gameplay,Full Yoimiya Story Quest : Carassius Auratus | GENSHIN IMPACT,80:22,https://www.youtube.com/watch?v=ciWNchQOefw,85.71428571428571
Yoimiya quest Carassius Auratus Carassius Auratus gameplay,[Complete Guide] Yoimiya Story Quest | Dreamlike Timelessness | Carassius Auratus Chapter: Act I,84:10,https://www.youtube.com/watch?v=iGYprxMjxpg,85.71428571428571
Yoimiya quest Carassius Auratus Carassius Auratus gameplay,Yoimiya Story Quest : Chapter Carassius Auratus Act 1 (EN | ID) | Genshin Impact,78:47,https://www.youtube.com/watch?v=2aadGzaiHSE,85.71428571428571
Yoimiya quest Carassius Auratus Carassius Auratus gameplay,"Yoimiya Story Quest ""Carassius Auratus Chapter: Act I - Dreamlike Timelessness""",78:48,https://www.youtube.com/watch?v=bGxWR8pRhlE,85.71428571428571
Yoimiya quest Carassius Auratus Carassius Auratus gameplay,【Genshin Impact】 Carassius Auratus Chapter (Yoimiya): Act II - Star-Pickers' Passage Playthrough,162:06,https://www.youtube.com/watch?v=xtC4rz2hsiU,71.42857142857143
Yumemizuki Mizuki quest Tapirus Somniator Tapirus Somniator gameplay,Genshin Impact 5.4 - Yumemizuki Mizuki Story Quest: TAPIRUS SOMNIATOR CHAPTER (GAMEPLAY WALKTROUGH),136:15,https://www.youtube.com/watch?v=R_3WnO7b2gk,100.0
Yumemizuki Mizuki quest Tapirus Somniator Tapirus Somniator gameplay,Meeting Yumemizuki Mizuki | Genshin Impact Yumemizuki Mizuki's Story Quest Tapirus Somniator,7:00,https://www.youtube.com/watch?v=GyP5YhAtFoE,87.5
Yumemizuki Mizuki quest Tapirus Somniator Tapirus Somniator gameplay,Traveler meets Yumemizuki Mizuki | Tapirus Somniator | Mizuki story quest | Genshin Impact 5.4,4:19,https://www.youtube.com/watch?v=ykt1dHI4Mgs,87.5
Yumemizuki Mizuki quest Tapirus Somniator Tapirus Somniator gameplay,Yumemizuki Mizuki Story Quest Tapirus Somniator Act 1: Dream Eater's Melancholia | Genshin Impact,121:55,https://www.youtube.com/watch?v=jo5Cv0WjyQQ,87.5
Yumemizuki Mizuki quest Tapirus Somniator Tapirus Somniator gameplay,Yumemizuki mizuki's story quest.Tapirus somniator all chapter.( part 1).        @wolfgamingtanvir,59:53,https://www.youtube.com/watch?v=jF08Pi73CJ0,87.5
Yumemizuki Mizuki quest Tapirus Somniator Tapirus Somniator gameplay,Yumemizuki mizuki Story quest | Dream Eaters Melancholia | Tapirus Somniator Chapter : Act 1,75:30,https://www.youtube.com/watch?v=ANSRYyRRyIo,87.5
Yumemizuki Mizuki quest Tapirus Somniator Tapirus Somniator gameplay,Genshin Impact 5.4 Story Quest Yumemizuki Mizuki Tapirus Somniator Chapter Dream Eater's Melancholia,123:21,https://www.youtube.com/watch?v=I4gPPcL78Wg,87.5
Yumemizuki Mizuki quest Tapirus Somniator Tapirus Somniator gameplay,Yumemizuki Mizuki Story Quest | JP Dub | FULL STORY | Tapirus Somniator Chapter | GENSHIN IMPACT 5.4,162:11,https://www.youtube.com/watch?v=AXY7I3brBjQ,87.5
Yumemizuki Mizuki quest Tapirus Somniator Tapirus Somniator gameplay,Yumemizuki Mizuki story quest - Tapirus Somniator Chapter: Act I - Dream Eater's Melancholia,122:29,https://www.youtube.com/watch?v=Rzcx0u6OcPE,87.5
Yumemizuki Mizuki quest Tapirus Somniator Tapirus Somniator gameplay,Genshin Impact - Tapirus Somniator Chapter: Act 1 [Yumemizuki Mizuki Story Quest],137:49,https://www.youtube.com/watch?v=Gkn2vaauA9E,87.5
Zhongli quest Historia Antiqua Historia Antiqua gameplay,Zhongli's Story Quest - Historia Antiqua - Full Gameplay & Walkthrough,76:35,https://www.youtube.com/watch?v=Q7abj4Y7XHE,100.0
Zhongli quest Historia Antiqua Historia Antiqua gameplay,Zhongli's Story Quest Historia Antiqua Chapter: Act 1 Full Gameplay Japanese Dubbed Genshin Impact,59:52,https://www.youtube.com/watch?v=62K7Z8IrQSE,100.0
Zhongli quest Historia Antiqua Historia Antiqua gameplay,Genshin Impact - Zhongli Story Quest - Historia Antiqua (All Cutscenes),42:57,https://www.youtube.com/watch?v=nKZ7aE92auI,85.71428571428571
Zhongli quest Historia Antiqua Historia Antiqua gameplay,Genshin Impact | Zhongli Story Quest | Historia Antiqua Chapter,64:08,https://www.youtube.com/watch?v=l5SEneA26ow,85.71428571428571
Zhongli quest Historia Antiqua Historia Antiqua gameplay,Full Showcase of Zhongli's Story Quest | Historia Antiqua Chapter - Genshin Impact,54:00,https://www.youtube.com/watch?v=VhwwxjbdtKA,85.71428571428571
Zhongli quest Historia Antiqua Historia Antiqua gameplay,Historia Antiqua Zhongli Story Quest Act 1 : Sal Flore Genshin Impact,71:36,https://www.youtube.com/watch?v=AvVDBTHnM20,85.71428571428571
Zhongli quest Historia Antiqua Historia Antiqua gameplay,Zhongli Story Quest: Historia Antiqua Chapter: Act I - Sal Flore | Genshin Impact,66:31,https://www.youtube.com/watch?v=VGBB64ZQfCc,85.71428571428571
Zhongli quest Historia Antiqua Historia Antiqua gameplay,Zhongli - Historia Antiqua Chapter - Act 1: Sal Flore (Genshin Impact) (JP VO/ENG Sub Cutscenes),46:42,https://www.youtube.com/watch?v=D0zaf6yq3eo,71.42857142857143
Zhongli quest Historia Antiqua Historia Antiqua gameplay,No Mere Stone — Historia Antiqua Chapter: Act II (Zhongli) | Genshin Impact,80:08,https://www.youtube.com/watch?v=wslbkxpvbAQ,71.42857142857143
Zhongli quest Historia Antiqua Historia Antiqua gameplay,Zhongli Story Quest Electro Puzzle | Genshin Impact,0:57,https://www.youtube.com/watch?v=Adi8-efroOE,28.57142857142857
